<?xml version="1.0" encoding="utf-8"?>
<COLLADA xmlns="http://www.collada.org/2005/11/COLLADASchema" version="1.4.1" xmlns:xsi="http://www.w3.org/2001/XMLSchema-instance">
  <asset>
    <contributor>
      <author>Blender User</author>
      <authoring_tool>Blender 4.3.0 commit date:2024-11-19, commit time:08:52, hash:2b18cad88b13</authoring_tool>
    </contributor>
    <created>2025-01-23T10:37:36</created>
    <modified>2025-01-23T10:37:36</modified>
    <unit name="meter" meter="1"/>
    <up_axis>Z_UP</up_axis>
  </asset>
  <library_images/>
  <library_geometries>
    <geometry id="simple_Body_001-mesh" name="simple_Body.001">
      <mesh>
        <source id="simple_Body_001-mesh-positions">
          <float_array id="simple_Body_001-mesh-positions-array" count="5331">111.3101 -124.9296 -20.11568 111.3101 125.0704 -20.11568 -108.1754 128.0704 -20.11568 -109.9461 -127.3567 -20.11568 -109.8337 -127.4342 -20.11568 108.2977 -127.9296 -20.11568 110.0277 -127.3856 -20.11568 110.0685 -127.3567 -20.11568 111.273 -125.3989 -20.11568 109.2287 -127.7828 -20.11568 109.5598 -127.6537 -20.11568 109.6654 -127.6027 -20.11568 109.9789 -127.4191 -20.11568 -111.1877 -124.9296 -20.11568 -111.1724 -125.2319 -20.11568 -111.1651 -125.2969 -20.11568 -111.1507 -125.3989 -20.11568 111.3047 125.25 -20.11568 111.273 125.5397 -20.11568 111.2394 125.7164 -20.11568 110.8221 126.7075 -20.11568 110.7348 126.8338 -20.11568 110.5345 127.0799 -20.11568 108.769 -127.8927 -20.11568 109.058 -127.8325 -20.11568 109.1154 -127.817 -20.11568 -108.9625 127.9662 -20.11568 -109.1064 127.9236 -20.11568 -109.4087 127.8075 -20.11568 -109.5431 127.7434 -20.11568 -109.8303 127.5773 -20.11568 -109.8803 127.5438 -20.11568 -109.9462 127.4975 -20.11568 110.9892 -126.2771 -20.11568 111.1694 -125.8357 -20.11568 111.2725 -125.4017 -20.11568 110.4279 127.1917 -20.11568 110.1864 127.4076 -20.11568 110.1337 127.4489 -20.11568 109.2984 127.9001 -20.11568 108.2977 128.0704 -20.11568 109.2381 127.9205 -20.11568 108.7775 128.0321 -20.11568 -108.4338 128.0593 -20.11568 -108.6467 128.0334 -20.11568 -108.905 127.9811 -20.11568 -111.1507 125.5397 -20.11568 -111.1703 125.3925 -20.11568 -111.1877 125.0704 -20.11568 -111.0712 -125.7561 -20.11568 -111.0403 -125.8567 -20.11568 -110.9036 -126.2017 -20.11568 -109.7778 -127.4701 -20.11568 -109.5431 -127.6027 -20.11568 -109.3585 -127.6886 -20.11568 -108.6496 -127.8922 -20.11568 -108.1754 -127.9296 -20.11568 -108.9029 -127.8409 -20.11568 -109.1064 -127.7828 -20.11568 110.3922 -127.086 -20.11568 110.4279 -127.051 -20.11568 110.7092 -126.7276 -20.11568 111.2242 125.7816 -20.11568 111.1626 125.9975 -20.11568 111.0772 126.227 -20.11568 109.7372 127.7058 -20.11568 109.6654 127.7434 -20.11568 108.5873 -127.9157 -20.11568 -110.2477 127.2478 -20.11568 -110.3056 127.1917 -20.11568 -110.5685 126.8926 -20.11568 -110.8763 -126.2583 -20.11568 -110.6351 -126.6616 -20.11568 -110.6125 -126.693 -20.11568 -110.3287 -127.0276 -20.11568 -110.2076 -127.1443 -20.11568 110.7452 -126.6787 -20.11568 110.9818 -126.2916 -20.11568 110.9818 126.4324 -20.11568 110.8585 126.6503 -20.11568 -110.8595 126.4324 -20.11568 -111.0387 126.0023 -20.11568 -111.0831 125.8543 -20.11568 -110.6068 126.8416 -20.11568 -110.8545 126.4421 -20.11568 -110.4652 -124.9296 -25.49787 -110.4289 -125.3989 -25.4913 -110.3207 -125.8567 -25.47177 -110.1435 -126.2916 -25.43974 -109.9014 -126.693 -25.39602 -109.6005 -127.0509 -25.34167 -109.2483 -127.3567 -25.27803 -108.8533 -127.6026 -25.20668 -108.4253 -127.7828 -25.12937 -107.9748 -127.8927 -25.048 -107.513 -127.9296 -24.96457 -109.7516 -124.9296 -28.88645 -109.0793 -125.3989 -31.29642 -103.0992 -124.9296 -45.3172 -101.694 -125.3989 -47.51504 -104.6901 -125.3989 -42.36295 -109.1148 -124.9296 -31.30656 -107.1943 -124.9296 -36.9525 -107.16 -125.3989 -36.93888 -107.0355 -124.9296 -37.34885 -104.7229 -124.9296 -42.37991 -91.93614 -124.9296 -59.08707 -89.86824 -125.3989 -60.84686 -94.24626 -125.3989 -56.80287 -101.725 -124.9296 -47.53517 -98.23001 -124.9296 -52.36735 -98.20119 -125.3989 -52.34425 -98.029 -124.9296 -52.61666 -94.27263 -124.9296 -56.82872 -77.23674 -124.9296 -68.99417 -74.64656 -125.3989 -70.11434 -80.01975 -125.3989 -67.53564 -89.89192 -124.9296 -60.87521 -85.13116 -124.9296 -64.46683 -85.1104 -125.3989 -64.43627 -84.95433 -124.9296 -64.58647 -80.03736 -124.9296 -67.5681 -60.28401 -124.9296 -74.17378 -57.37341 -125.3989 -74.4989 -63.26718 -125.3989 -73.61325 -74.66087 -124.9296 -70.14839 -69.05477 -124.9296 -72.18221 -69.04392 -125.3989 -72.14691 -68.95271 -124.9296 -72.21349 -63.27448 -124.9296 -73.64946 -57.37708 -124.9296 -74.53565 -51.42084 -124.9296 -74.83202 -51.42084 -125.3989 -74.79508 -108.9736 -125.8567 -31.26624 -107.0579 -125.8567 -36.89836 -104.5925 -125.8567 -42.31249 -101.6018 -125.8567 -47.45514 -98.11546 -125.8567 -52.2755 -94.16777 -125.8567 -56.72595 -89.79778 -125.8567 -60.76253 -85.04866 -125.8567 -64.34536 -79.96733 -125.8567 -67.43905 -74.60399 -125.8567 -70.01303 -69.01162 -125.8567 -72.04187 -63.24547 -125.8567 -73.50552 -57.3625 -125.8567 -74.38954 -51.42084 -125.8567 -74.68518 -108.8004 -126.2916 -31.21678 -106.8904 -126.2916 -36.83195 -104.4325 -126.2916 -42.22978 -101.4508 -126.2916 -47.35694 -97.97492 -126.2916 -52.16279 -94.0391 -126.2916 -56.59986 -89.68227 -126.2916 -60.62429 -84.94744 -126.2916 -64.19634 -79.88141 -126.2916 -67.28071 -74.53421 -126.2916 -69.84693 -68.95868 -126.2916 -71.86967 -63.20988 -126.2916 -73.32892 -57.34462 -126.2916 -74.21028 -51.42084 -126.2916 -74.50504 -108.5638 -126.693 -31.14924 -106.6618 -126.693 -36.74126 -104.2139 -126.693 -42.11685 -101.2446 -126.693 -47.22288 -97.78302 -126.693 -52.00893 -93.86344 -126.693 -56.42769 -89.52456 -126.693 -60.43553 -84.80925 -126.693 -63.99285 -79.7641 -126.693 -67.06452 -74.43894 -126.693 -69.62017 -68.88639 -126.693 -71.63456 -63.16128 -126.693 -73.0878 -57.3202 -126.693 -73.96553 -51.42084 -126.693 -74.25907 -108.2699 -127.0509 -31.06529 -106.3776 -127.0509 -36.62855 -103.9423 -127.0509 -41.97648 -100.9883 -127.0509 -47.05624 -97.5445 -127.0509 -51.81766 -93.64509 -127.0509 -56.2137 -89.32852 -127.0509 -60.20092 -84.63748 -127.0509 -63.73994 -79.61828 -127.0509 -66.7958 -74.32053 -127.0509 -69.33831 -68.79653 -127.0509 -71.34233 -63.10089 -127.0509 -72.7881 -57.28985 -127.0509 -73.6613 -51.42084 -127.0509 -73.95334 -107.9257 -127.3567 -30.96701 -106.0448 -127.3567 -36.49658 -103.6243 -127.3567 -41.81212 -100.6881 -127.3567 -46.86113 -97.26524 -127.3567 -51.59372 -93.38943 -127.3567 -55.96314 -89.09902 -127.3567 -59.92622 -84.43637 -127.3567 -63.44382 -79.44755 -127.3567 -66.48117 -74.18187 -127.3567 -69.00828 -68.69133 -127.3567 -71.00018 -63.03017 -127.3567 -72.43718 -57.25431 -127.3567 -73.30511 -51.42084 -127.3567 -73.59538 -107.5397 -127.6026 -30.8568 -105.6717 -127.6026 -36.3486 -103.2678 -127.6026 -41.62784 -100.3516 -127.6026 -46.64236 -96.9521 -127.6026 -51.34262 -93.10276 -127.6026 -55.6822 -88.84165 -127.6026 -59.6182 -84.21085 -127.6026 -63.11177 -79.25612 -127.6026 -66.12838 -74.0264 -127.6026 -68.63823 -68.57337 -127.6026 -70.61652 -62.95087 -127.6026 -72.04371 -57.21447 -127.6026 -72.90571 -51.42084 -127.6026 -73.19399 -107.1215 -127.7828 -30.73738 -105.2674 -127.7828 -36.18825 -102.8814 -127.7828 -41.42815 -99.98699 -127.7828 -46.4053 -96.6128 -127.7828 -51.07054 -92.79215 -127.7828 -55.37778 -88.56278 -127.7828 -59.28445 -83.96649 -127.7828 -62.75199 -79.04869 -127.7828 -65.74612 -73.85794 -127.7828 -68.23726 -68.44554 -127.7828 -70.20081 -62.86494 -127.7828 -71.61737 -57.17129 -127.7828 -72.47294 -51.42084 -127.7828 -72.75907 -106.6813 -127.8927 -30.61169 -104.8419 -127.8927 -36.01949 -102.4748 -127.8927 -41.21798 -99.60321 -127.8927 -46.15581 -96.25568 -127.8927 -50.78418 -92.46522 -127.8927 -55.05738 -88.26929 -127.8927 -58.93318 -83.70932 -127.8927 -62.37331 -78.83037 -127.8927 -65.34378 -73.68064 -127.8927 -67.81524 -68.31101 -127.8927 -69.76328 -62.77451 -127.8927 -71.16864 -57.12585 -127.8927 -72.01745 -51.42084 -127.8927 -72.30132 -106.2301 -127.9296 -30.48283 -104.4057 -127.9296 -35.84647 -102.0578 -127.9296 -41.00251 -99.20975 -127.9296 -45.90001 -95.88955 -127.9296 -50.49058 -92.13004 -127.9296 -54.72889 -87.96837 -127.9296 -58.57305 -83.44564 -127.9296 -61.98509 -78.60654 -127.9296 -64.9313 -73.49886 -127.9296 -67.38257 -68.17308 -127.9296 -69.3147 -62.68179 -127.9296 -70.70859 -57.07927 -127.9296 -71.55046 -51.42084 -127.9296 -71.83202 51.54315 -124.9296 -74.83202 51.54315 -125.3989 -74.79508 51.54315 -125.8567 -74.68518 51.54315 -126.2916 -74.50504 51.54315 -126.693 -74.25907 51.54315 -127.0509 -73.95334 51.54315 -127.3567 -73.59538 51.54315 -127.6026 -73.19399 51.54315 -127.7828 -72.75907 51.54315 -127.8927 -72.30132 51.54315 -127.9296 -71.83202 78.72885 -127.9296 -64.9313 83.56797 -127.9296 -61.98509 107.6353 -127.9296 -24.96457 57.20158 -127.9296 -71.55046 62.80411 -127.9296 -70.70859 88.09069 -127.9296 -58.57305 104.528 -127.9296 -35.84647 106.3524 -127.9296 -30.48283 68.2954 -127.9296 -69.3147 73.62117 -127.9296 -67.38257 92.25235 -127.9296 -54.72889 96.01187 -127.9296 -50.49058 102.1801 -127.9296 -41.00251 99.33206 -127.9296 -45.90001 51.54315 125.0704 -74.83202 -51.42084 125.0704 -74.83202 57.49939 -124.9296 -74.53565 108.0972 -127.8927 -25.048 108.5476 -127.7828 -25.12937 108.9756 -127.6026 -25.20668 109.3706 -127.3567 -25.27803 109.7229 -127.0509 -25.34167 110.0237 -126.693 -25.39602 110.2658 -126.2916 -25.43974 110.443 -125.8567 -25.47177 110.5512 -125.3989 -25.4913 57.49573 -125.3989 -74.4989 60.40633 -124.9296 -74.17378 63.38949 -125.3989 -73.61325 63.39679 -124.9296 -73.64946 69.07503 -124.9296 -72.21349 69.16623 -125.3989 -72.14691 69.1771 -124.9296 -72.18221 74.78318 -124.9296 -70.14839 74.76886 -125.3989 -70.11434 77.35906 -124.9296 -68.99417 80.14206 -125.3989 -67.53564 80.15967 -124.9296 -67.5681 85.07665 -124.9296 -64.58647 85.23271 -125.3989 -64.43627 85.25348 -124.9296 -64.46683 90.01424 -124.9296 -60.87521 89.99056 -125.3989 -60.84686 92.05846 -124.9296 -59.08707 94.36858 -125.3989 -56.80287 94.39495 -124.9296 -56.82872 98.3235 -125.3989 -52.34425 98.15132 -124.9296 -52.61666 98.35233 -124.9296 -52.36735 101.8473 -124.9296 -47.53517 101.8163 -125.3989 -47.51504 103.2215 -124.9296 -45.3172 104.8124 -125.3989 -42.36295 104.8452 -124.9296 -42.37991 107.2823 -125.3989 -36.93888 107.1578 -124.9296 -37.34885 110.5875 -124.9296 -25.49787 109.8739 -124.9296 -28.88645 109.2016 -125.3989 -31.29642 109.2371 -124.9296 -31.30656 107.3167 -124.9296 -36.9525 109.0959 -125.8567 -31.26624 107.1802 -125.8567 -36.89836 104.7148 -125.8567 -42.31249 101.7242 -125.8567 -47.45514 98.23778 -125.8567 -52.2755 94.29009 -125.8567 -56.72595 89.92009 -125.8567 -60.76253 85.17098 -125.8567 -64.34536 80.08965 -125.8567 -67.43905 74.72631 -125.8567 -70.01303 69.13393 -125.8567 -72.04187 63.36778 -125.8567 -73.50552 57.48482 -125.8567 -74.38954 108.9227 -126.2916 -31.21678 107.0127 -126.2916 -36.83195 104.5548 -126.2916 -42.22978 101.5731 -126.2916 -47.35694 98.09723 -126.2916 -52.16279 94.16143 -126.2916 -56.59986 89.80458 -126.2916 -60.62429 85.06977 -126.2916 -64.19634 80.00373 -126.2916 -67.28071 74.65653 -126.2916 -69.84693 69.081 -126.2916 -71.86967 63.3322 -126.2916 -73.32892 57.46693 -126.2916 -74.21028 108.6862 -126.693 -31.14924 106.7841 -126.693 -36.74126 104.3363 -126.693 -42.11685 101.3669 -126.693 -47.22288 97.90534 -126.693 -52.00893 93.98575 -126.693 -56.42769 89.64687 -126.693 -60.43553 84.93157 -126.693 -63.99285 79.88642 -126.693 -67.06452 74.56125 -126.693 -69.62017 69.0087 -126.693 -71.63456 63.2836 -126.693 -73.0878 57.44252 -126.693 -73.96553 108.3922 -127.0509 -31.06529 106.4999 -127.0509 -36.62855 104.0647 -127.0509 -41.97648 101.1106 -127.0509 -47.05624 97.66683 -127.0509 -51.81766 93.7674 -127.0509 -56.2137 89.45084 -127.0509 -60.20092 84.7598 -127.0509 -63.73994 79.7406 -127.0509 -66.7958 74.44284 -127.0509 -69.33831 68.91884 -127.0509 -71.34233 63.2232 -127.0509 -72.7881 57.41217 -127.0509 -73.6613 108.048 -127.3567 -30.96701 106.1671 -127.3567 -36.49658 103.7467 -127.3567 -41.81212 100.8105 -127.3567 -46.86113 97.38755 -127.3567 -51.59372 93.51174 -127.3567 -55.96314 89.22133 -127.3567 -59.92622 84.55867 -127.3567 -63.44382 79.56987 -127.3567 -66.48117 74.30419 -127.3567 -69.00828 68.81365 -127.3567 -71.00018 63.15248 -127.3567 -72.43718 57.37663 -127.3567 -73.30511 107.662 -127.6026 -30.8568 105.794 -127.6026 -36.3486 103.3901 -127.6026 -41.62784 100.4739 -127.6026 -46.64236 97.0744 -127.6026 -51.34262 93.22507 -127.6026 -55.6822 88.96396 -127.6026 -59.6182 84.33316 -127.6026 -63.11177 79.37844 -127.6026 -66.12838 74.14871 -127.6026 -68.63823 68.69568 -127.6026 -70.61652 63.07318 -127.6026 -72.04371 57.33678 -127.6026 -72.90571 107.2438 -127.7828 -30.73738 105.3897 -127.7828 -36.18825 103.0037 -127.7828 -41.42815 100.1093 -127.7828 -46.4053 96.73511 -127.7828 -51.07054 92.91446 -127.7828 -55.37778 88.68511 -127.7828 -59.28445 84.08881 -127.7828 -62.75199 79.17099 -127.7828 -65.74612 73.98026 -127.7828 -68.23726 68.56786 -127.7828 -70.20081 62.98726 -127.7828 -71.61737 57.29361 -127.7828 -72.47294 106.8037 -127.8927 -30.61169 104.9642 -127.8927 -36.01949 102.5971 -127.8927 -41.21798 99.72553 -127.8927 -46.15581 96.37799 -127.8927 -50.78418 92.58754 -127.8927 -55.05738 88.3916 -127.8927 -58.93318 83.83162 -127.8927 -62.37331 78.95269 -127.8927 -65.34378 73.80295 -127.8927 -67.81524 68.43332 -127.8927 -69.76328 62.89683 -127.8927 -71.16864 57.24817 -127.8927 -72.01745 -51.42084 125.5397 -74.79508 51.54315 125.5397 -74.79508 -51.42084 125.9974 -74.68518 51.54315 125.9974 -74.68518 -51.42084 126.4323 -74.50504 51.54315 126.4323 -74.50504 -51.42084 126.8337 -74.25907 51.54315 126.8337 -74.25907 -51.42084 127.1917 -73.95334 51.54315 127.1917 -73.95334 -51.42084 127.4974 -73.59538 51.54315 127.4974 -73.59538 -51.42084 127.7434 -73.19399 51.54315 127.7434 -73.19399 -51.42084 127.9236 -72.75907 51.54315 127.9236 -72.75907 -51.42084 128.0334 -72.30132 51.54315 128.0334 -72.30132 -51.42084 128.0704 -71.83202 51.54315 128.0704 -71.83202 57.49939 125.0704 -74.53565 60.40633 125.0704 -74.17378 63.39679 125.0704 -73.64946 69.07503 125.0704 -72.21349 69.1771 125.0704 -72.18221 74.78318 125.0704 -70.14839 77.35906 125.0704 -68.99417 80.15967 125.0704 -67.5681 85.07665 125.0704 -64.58647 85.25348 125.0704 -64.46683 90.01424 125.0704 -60.87521 92.05846 125.0704 -59.08707 94.39495 125.0704 -56.82872 98.15132 125.0704 -52.61666 98.35233 125.0704 -52.36735 101.8473 125.0704 -47.53517 103.2215 125.0704 -45.3172 104.8452 125.0704 -42.37991 107.1578 125.0704 -37.34885 107.3167 125.0704 -36.9525 109.2371 125.0704 -31.30656 109.8739 125.0704 -28.88645 110.5875 125.0704 -25.49787 106.3524 128.0704 -30.48283 83.56797 128.0704 -61.98509 107.6353 128.0704 -24.96457 78.72885 128.0704 -64.9313 -68.17308 128.0704 -69.3147 -73.49886 128.0704 -67.38257 -78.60654 128.0704 -64.9313 73.62117 128.0704 -67.38257 68.2954 128.0704 -69.3147 62.80411 128.0704 -70.70859 57.20158 128.0704 -71.55046 104.528 128.0704 -35.84647 102.1801 128.0704 -41.00251 99.33206 128.0704 -45.90001 96.01187 128.0704 -50.49058 92.25235 128.0704 -54.72889 88.09069 128.0704 -58.57305 -62.68179 128.0704 -70.70859 -83.44564 128.0704 -61.98509 -87.96837 128.0704 -58.57305 -92.13004 128.0704 -54.72889 -95.88955 128.0704 -50.49058 -99.20975 128.0704 -45.90001 -102.0578 128.0704 -41.00251 -104.4057 128.0704 -35.84647 -57.07927 128.0704 -71.55046 -106.2301 128.0704 -30.48283 -107.513 128.0704 -24.96457 109.2016 125.5397 -31.29642 104.8124 125.5397 -42.36295 101.8163 125.5397 -47.51504 94.36858 125.5397 -56.80287 89.99056 125.5397 -60.84686 80.14206 125.5397 -67.53564 74.76886 125.5397 -70.11434 63.38949 125.5397 -73.61325 57.49573 125.5397 -74.4989 110.5512 125.5397 -25.4913 110.443 125.9974 -25.47177 110.2658 126.4323 -25.43974 110.0237 126.8337 -25.39602 109.7229 127.1917 -25.34167 109.3706 127.4974 -25.27803 108.9756 127.7434 -25.20668 108.5476 127.9236 -25.12937 108.0972 128.0334 -25.048 57.24817 128.0334 -72.01745 57.29361 127.9236 -72.47294 57.33678 127.7434 -72.90571 57.37663 127.4974 -73.30511 57.41217 127.1917 -73.6613 57.44252 126.8337 -73.96553 57.46693 126.4323 -74.21028 57.48482 125.9974 -74.38954 62.89683 128.0334 -71.16864 62.98726 127.9236 -71.61737 63.07318 127.7434 -72.04371 63.15248 127.4974 -72.43718 63.2232 127.1917 -72.7881 63.2836 126.8337 -73.0878 63.3322 126.4323 -73.32892 63.36778 125.9974 -73.50552 69.16623 125.5397 -72.14691 69.13393 125.9974 -72.04187 69.081 126.4323 -71.86967 69.0087 126.8337 -71.63456 68.91884 127.1917 -71.34233 68.81365 127.4974 -71.00018 68.69568 127.7434 -70.61652 68.56786 127.9236 -70.20081 68.43332 128.0334 -69.76328 73.80295 128.0334 -67.81524 73.98026 127.9236 -68.23726 74.14871 127.7434 -68.63823 74.30419 127.4974 -69.00828 74.44284 127.1917 -69.33831 74.56125 126.8337 -69.62017 74.65653 126.4323 -69.84693 74.72631 125.9974 -70.01303 78.95269 128.0334 -65.34378 79.17099 127.9236 -65.74612 79.37844 127.7434 -66.12838 79.56987 127.4974 -66.48117 79.7406 127.1917 -66.7958 79.88642 126.8337 -67.06452 80.00373 126.4323 -67.28071 80.08965 125.9974 -67.43905 85.23271 125.5397 -64.43627 85.17098 125.9974 -64.34536 85.06977 126.4323 -64.19634 84.93157 126.8337 -63.99285 84.7598 127.1917 -63.73994 84.55867 127.4974 -63.44382 84.33316 127.7434 -63.11177 84.08881 127.9236 -62.75199 83.83162 128.0334 -62.37331 88.3916 128.0334 -58.93318 88.68511 127.9236 -59.28445 88.96396 127.7434 -59.6182 89.22133 127.4974 -59.92622 89.45084 127.1917 -60.20092 89.64687 126.8337 -60.43553 89.80458 126.4323 -60.62429 89.92009 125.9974 -60.76253 92.58754 128.0334 -55.05738 92.91446 127.9236 -55.37778 93.22507 127.7434 -55.6822 93.51174 127.4974 -55.96314 93.7674 127.1917 -56.2137 93.98575 126.8337 -56.42769 94.16143 126.4323 -56.59986 94.29009 125.9974 -56.72595 98.3235 125.5397 -52.34425 98.23778 125.9974 -52.2755 98.09723 126.4323 -52.16279 97.90534 126.8337 -52.00893 97.66683 127.1917 -51.81766 97.38755 127.4974 -51.59372 97.0744 127.7434 -51.34262 96.73511 127.9236 -51.07054 96.37799 128.0334 -50.78418 99.72553 128.0334 -46.15581 100.1093 127.9236 -46.4053 100.4739 127.7434 -46.64236 100.8105 127.4974 -46.86113 101.1106 127.1917 -47.05624 101.3669 126.8337 -47.22288 101.5731 126.4323 -47.35694 101.7242 125.9974 -47.45514 102.5971 128.0334 -41.21798 103.0037 127.9236 -41.42815 103.3901 127.7434 -41.62784 103.7467 127.4974 -41.81212 104.0647 127.1917 -41.97648 104.3363 126.8337 -42.11685 104.5548 126.4323 -42.22978 104.7148 125.9974 -42.31249 107.2823 125.5397 -36.93888 107.1802 125.9974 -36.89836 107.0127 126.4323 -36.83195 106.7841 126.8337 -36.74126 106.4999 127.1917 -36.62855 106.1671 127.4974 -36.49658 105.794 127.7434 -36.3486 105.3897 127.9236 -36.18825 104.9642 128.0334 -36.01949 106.8037 128.0334 -30.61169 107.2438 127.9236 -30.73738 107.662 127.7434 -30.8568 108.048 127.4974 -30.96701 108.3922 127.1917 -31.06529 108.6862 126.8337 -31.14924 108.9227 126.4323 -31.21678 109.0959 125.9974 -31.26624 -110.4652 125.0704 -25.49787 -109.7516 125.0704 -28.88645 -109.1148 125.0704 -31.30656 -107.1943 125.0704 -36.9525 -107.0355 125.0704 -37.34885 -104.7229 125.0704 -42.37991 -103.0992 125.0704 -45.3172 -101.725 125.0704 -47.53517 -98.23001 125.0704 -52.36735 -98.029 125.0704 -52.61666 -94.27263 125.0704 -56.82872 -91.93614 125.0704 -59.08707 -89.89192 125.0704 -60.87521 -85.13116 125.0704 -64.46683 -84.95433 125.0704 -64.58647 -80.03736 125.0704 -67.5681 -77.23674 125.0704 -68.99417 -74.66087 125.0704 -70.14839 -69.05477 125.0704 -72.18221 -68.95271 125.0704 -72.21349 -63.27448 125.0704 -73.64946 -60.28401 125.0704 -74.17378 -57.37708 125.0704 -74.53565 -63.26718 125.5397 -73.61325 -69.04392 125.5397 -72.14691 -80.01975 125.5397 -67.53564 -85.1104 125.5397 -64.43627 -94.24626 125.5397 -56.80287 -104.6901 125.5397 -42.36295 -110.4289 125.5397 -25.4913 -107.9748 128.0334 -25.048 -108.4253 127.9236 -25.12937 -108.8533 127.7434 -25.20668 -109.2483 127.4974 -25.27803 -109.6005 127.1917 -25.34167 -109.9014 126.8337 -25.39602 -110.1435 126.4323 -25.43974 -110.3207 125.9974 -25.47177 -104.8419 128.0334 -36.01949 -102.4748 128.0334 -41.21798 -105.2674 127.9236 -36.18825 -102.8814 127.9236 -41.42815 -105.6717 127.7434 -36.3486 -103.2678 127.7434 -41.62784 -106.0448 127.4974 -36.49658 -103.6243 127.4974 -41.81212 -106.3776 127.1917 -36.62855 -103.9423 127.1917 -41.97648 -106.6618 126.8337 -36.74126 -104.2139 126.8337 -42.11685 -106.8904 126.4323 -36.83195 -104.4325 126.4323 -42.22978 -107.0579 125.9974 -36.89836 -104.5925 125.9974 -42.31249 -107.16 125.5397 -36.93888 -96.25568 128.0334 -50.78418 -92.46522 128.0334 -55.05738 -96.6128 127.9236 -51.07054 -92.79215 127.9236 -55.37778 -96.9521 127.7434 -51.34262 -93.10276 127.7434 -55.6822 -97.26524 127.4974 -51.59372 -93.38943 127.4974 -55.96314 -97.5445 127.1917 -51.81766 -93.64509 127.1917 -56.2137 -97.78302 126.8337 -52.00893 -93.86344 126.8337 -56.42769 -97.97492 126.4323 -52.16279 -94.0391 126.4323 -56.59986 -98.11546 125.9974 -52.2755 -94.16777 125.9974 -56.72595 -98.20119 125.5397 -52.34425 -109.0793 125.5397 -31.29642 -108.9736 125.9974 -31.26624 -108.8004 126.4323 -31.21678 -108.5638 126.8337 -31.14924 -108.2699 127.1917 -31.06529 -107.9257 127.4974 -30.96701 -107.5397 127.7434 -30.8568 -107.1215 127.9236 -30.73738 -106.6813 128.0334 -30.61169 -101.694 125.5397 -47.51504 -101.6018 125.9974 -47.45514 -101.4508 126.4323 -47.35694 -101.2446 126.8337 -47.22288 -100.9883 127.1917 -47.05624 -100.6881 127.4974 -46.86113 -100.3516 127.7434 -46.64236 -99.98699 127.9236 -46.4053 -99.60321 128.0334 -46.15581 -89.86824 125.5397 -60.84686 -89.79778 125.9974 -60.76253 -89.68227 126.4323 -60.62429 -89.52456 126.8337 -60.43553 -89.32852 127.1917 -60.20092 -89.09902 127.4974 -59.92622 -88.84165 127.7434 -59.6182 -88.56278 127.9236 -59.28445 -88.26929 128.0334 -58.93318 -83.70932 128.0334 -62.37331 -83.96649 127.9236 -62.75199 -84.21085 127.7434 -63.11177 -84.43637 127.4974 -63.44382 -84.63748 127.1917 -63.73994 -84.80925 126.8337 -63.99285 -84.94744 126.4323 -64.19634 -85.04866 125.9974 -64.34536 -79.96733 125.9974 -67.43905 -79.88141 126.4323 -67.28071 -79.7641 126.8337 -67.06452 -79.61828 127.1917 -66.7958 -79.44755 127.4974 -66.48117 -79.25612 127.7434 -66.12838 -79.04869 127.9236 -65.74612 -78.83037 128.0334 -65.34378 -74.64656 125.5397 -70.11434 -74.60399 125.9974 -70.01303 -74.53421 126.4323 -69.84693 -74.43894 126.8337 -69.62017 -74.32053 127.1917 -69.33831 -74.18187 127.4974 -69.00828 -74.0264 127.7434 -68.63823 -73.85794 127.9236 -68.23726 -73.68064 128.0334 -67.81524 -68.31101 128.0334 -69.76328 -68.44554 127.9236 -70.20081 -68.57337 127.7434 -70.61652 -68.69133 127.4974 -71.00018 -68.79653 127.1917 -71.34233 -68.88639 126.8337 -71.63456 -68.95868 126.4323 -71.86967 -69.01162 125.9974 -72.04187 -63.24547 125.9974 -73.50552 -63.20988 126.4323 -73.32892 -63.16128 126.8337 -73.0878 -63.10089 127.1917 -72.7881 -63.03017 127.4974 -72.43718 -62.95087 127.7434 -72.04371 -62.86494 127.9236 -71.61737 -62.77451 128.0334 -71.16864 -57.37341 125.5397 -74.4989 -57.3625 125.9974 -74.38954 -57.34462 126.4323 -74.21028 -57.3202 126.8337 -73.96553 -57.28985 127.1917 -73.6613 -57.25431 127.4974 -73.30511 -57.21447 127.7434 -72.90571 -57.17129 127.9236 -72.47294 -57.12585 128.0334 -72.01745 107.7053 -124.9296 6.282196 107.7053 125.0704 6.282196 104.7827 -124.9296 13.33598 104.7826 125.0704 13.33623 102.8545 -124.9296 17.37421 102.8545 125.0704 17.37421 101.3984 -124.9296 20.18028 101.3981 125.0704 20.18077 97.56737 -124.9296 26.78492 97.56693 125.0704 26.78563 96.8645 -124.9296 27.8948 96.8645 125.0704 27.8948 93.30654 -124.9296 33.12078 93.3059 125.0704 33.12169 89.80168 -124.9296 37.72739 89.80168 125.0704 37.72739 88.63468 -124.9296 39.15995 88.63379 125.0704 39.16102 83.57236 -124.9296 44.87578 83.57122 125.0704 44.877 81.74434 -124.9296 46.76301 81.74434 125.0704 46.76301 77.50814 -124.9296 50.82484 77.50702 125.0704 50.82587 72.78177 -124.9296 54.90152 72.78177 125.0704 54.90152 71.02132 -124.9296 56.31001 71.02024 125.0704 56.31085 64.14727 -124.9296 61.30134 64.14626 125.0704 61.30203 63.01327 -124.9296 62.05273 63.01327 125.0704 62.05273 56.92352 -124.9296 65.77164 56.92259 125.0704 65.77217 52.54713 -124.9296 68.13739 52.54713 125.0704 68.13739 -49.26634 125.0704 69.69687 -41.46397 -124.9296 73.05445 -41.46326 125.0704 73.05472 -41.37702 -124.9296 73.08806 -33.43358 125.0704 75.8274 -33.43416 -124.9296 75.82721 -29.86999 125.0704 76.84989 -29.86999 -124.9296 76.84989 -25.22114 125.0704 77.99976 -25.22158 -124.9296 77.99967 -18.03125 125.0704 79.38118 -18.03125 -124.9296 79.38118 -16.87074 125.0704 79.55998 -16.87104 -124.9296 79.55994 -8.427956 125.0704 80.49954 -8.428101 -124.9296 80.49953 -5.992004 125.0704 80.65387 -5.992004 -124.9296 80.65387 0.06115722 125.0704 80.8133 0.06115722 -124.9296 80.8133 6.114319 125.0704 80.65387 6.114319 -124.9296 80.65387 8.550271 125.0704 80.49954 8.550415 -124.9296 80.49953 16.99306 125.0704 79.55998 16.99335 -124.9296 79.55994 18.15357 125.0704 79.38118 18.15357 -124.9296 79.38118 25.34345 125.0704 77.99976 25.3439 -124.9296 77.99967 29.9923 125.0704 76.84989 29.9923 -124.9296 76.84989 33.55589 125.0704 75.8274 33.55647 -124.9296 75.82721 41.58557 125.0704 73.05472 41.49933 -124.9296 73.08806 49.38866 125.0704 69.69687 41.58627 -124.9296 73.05445 49.38948 -124.9296 69.69647 -107.583 125.0704 6.282196 -107.583 -124.9296 6.282196 -104.6602 125.0704 13.33623 -104.6604 -124.9296 13.33598 -102.7322 125.0704 17.37421 -102.7322 -124.9296 17.37421 -101.2758 125.0704 20.18077 -101.2761 -124.9296 20.18028 -97.44461 125.0704 26.78563 -97.44506 -124.9296 26.78492 -96.74218 125.0704 27.8948 -96.74218 -124.9296 27.8948 -93.18358 125.0704 33.12169 -93.18422 -124.9296 33.12078 -89.67937 125.0704 37.72739 -89.67937 -124.9296 37.72739 -88.51148 125.0704 39.16102 -88.51236 -124.9296 39.15995 -83.4489 125.0704 44.877 -83.45005 -124.9296 44.87578 -81.62203 125.0704 46.76301 -81.62203 -124.9296 46.76301 -77.38471 125.0704 50.82587 -77.38583 -124.9296 50.82484 -72.65946 125.0704 54.90152 -72.65946 -124.9296 54.90152 -70.89792 125.0704 56.31085 -70.899 -124.9296 56.31001 -64.02394 125.0704 61.30203 -64.02495 -124.9296 61.30134 -62.89097 125.0704 62.05273 -62.89097 -124.9296 62.05273 -56.80028 125.0704 65.77217 -56.8012 -124.9296 65.77164 -52.42483 125.0704 68.13739 -52.42483 -124.9296 68.13739 -49.26717 -124.9296 69.69647 -108.4203 -127.9296 -15.08932 -94.90142 -127.9296 25.19435 -98.63248 -127.9296 18.76201 -86.20175 -127.9296 37.24656 -90.75174 -127.9296 31.36494 86.32407 -127.9296 37.24656 102.0508 -127.9296 12.09626 98.75479 -127.9296 18.76201 104.8972 -127.9296 5.226486 -101.9285 -127.9296 12.09626 -104.7749 -127.9296 5.226486 -106.3774 -127.9296 0.2933502 95.02373 -127.9296 25.19435 90.87406 -127.9296 31.36494 108.5426 -127.9296 -15.08932 108.33 -127.9296 -9.906792 -107.5248 -127.9296 -4.765038 -108.2077 -127.9296 -9.906792 107.6471 -127.9296 -4.765038 106.4997 -127.9296 0.2933502 -81.2715 -127.9296 42.81328 81.39382 -127.9296 42.81328 75.4878 -127.9296 48.60715 55.44015 -127.9296 63.16403 48.10266 -127.9296 66.98648 40.503 -127.9296 70.25684 69.17018 -127.9296 53.94923 62.47546 -127.9296 58.81036 -75.36548 -127.9296 48.60715 -69.04787 -127.9296 53.94923 24.68434 -127.9296 75.07306 16.55164 -127.9296 76.59264 8.328957 -127.9296 77.50771 32.68268 -127.9296 72.95729 0.06115722 -127.9296 77.8133 -8.206643 -127.9296 77.50771 -16.42933 -127.9296 76.59264 -40.3807 -127.9296 70.25684 -47.98035 -127.9296 66.98648 -24.56204 -127.9296 75.07306 -32.56037 -127.9296 72.95729 -55.31784 -127.9296 63.16403 -62.35314 -127.9296 58.81036 -101.9284 128.0704 12.0965 -98.63222 128.0704 18.76249 -104.7749 128.0704 5.226486 -94.90098 128.0704 25.19505 -90.7511 128.0704 31.36581 108.5426 128.0704 -15.08932 90.87342 128.0704 31.36581 95.02329 128.0704 25.19505 98.75453 128.0704 18.76249 86.3232 128.0704 37.2476 -86.20088 128.0704 37.2476 -81.27037 128.0704 42.81447 102.0507 128.0704 12.0965 104.8972 128.0704 5.226486 106.4997 128.0704 0.2933502 -108.4203 128.0704 -15.08932 -108.2077 128.0704 -9.906792 62.47447 128.0704 58.81102 69.16913 128.0704 53.95004 -107.5248 128.0704 -4.765038 -106.3774 128.0704 0.2933502 75.4867 128.0704 48.60815 81.39269 128.0704 42.81447 107.6471 128.0704 -4.765038 108.33 128.0704 -9.906792 16.55135 128.0704 76.59268 24.68391 128.0704 75.07317 32.68211 128.0704 72.95746 40.50232 128.0704 70.25711 -75.36438 128.0704 48.60815 -69.04682 128.0704 53.95004 -62.35216 128.0704 58.81102 48.10185 128.0704 66.98686 55.43925 128.0704 63.16453 -55.31694 128.0704 63.16453 -47.97954 128.0704 66.98686 -40.38001 128.0704 70.25711 -32.5598 128.0704 72.95746 -24.5616 128.0704 75.07317 -16.42904 128.0704 76.59268 -8.206498 128.0704 77.50772 0.06115722 128.0704 77.8133 8.328812 128.0704 77.50772 88.60623 -125.3989 39.13639 93.2766 -125.3989 33.09917 101.3658 -125.3989 20.16282 107.6708 -125.3989 6.269203 104.749 -125.3989 13.32072 107.5679 -125.8567 6.23053 104.649 -125.8567 13.27531 107.3993 -126.2916 6.167129 104.4849 -126.2916 13.20086 107.169 -126.693 6.080574 104.2609 -126.693 13.09922 106.8828 -127.0509 5.972984 103.9825 -127.0509 12.97288 106.5478 -127.3567 5.847015 103.6566 -127.3567 12.82495 106.1721 -127.6026 5.705772 103.291 -127.6026 12.65908 105.765 -127.7828 5.552719 102.895 -127.7828 12.47935 105.3365 -127.8927 5.391632 102.4782 -127.8927 12.29019 101.269 -125.8567 20.11086 101.1102 -126.2916 20.0257 100.8935 -126.693 19.90942 100.6241 -127.0509 19.76488 100.3086 -127.3567 19.59565 99.95496 -127.6026 19.40589 99.5717 -127.7828 19.20028 99.16834 -127.8927 18.98388 97.53604 -125.3989 26.76534 97.44287 -125.8567 26.70707 97.29013 -126.2916 26.61156 97.08158 -126.693 26.48115 96.82234 -127.0509 26.31905 96.51885 -127.3567 26.12927 96.17852 -127.6026 25.91645 95.80976 -127.7828 25.68587 95.42163 -127.8927 25.44318 93.18749 -125.8567 33.03484 93.04141 -126.2916 32.9294 92.84198 -126.693 32.78544 92.59409 -127.0509 32.60651 92.30384 -127.3567 32.39699 91.97838 -127.6026 32.16207 91.62574 -127.7828 31.90752 91.25458 -127.8927 31.63961 88.52158 -125.8567 39.0663 88.38283 -126.2916 38.9514 88.19338 -126.693 38.79452 87.9579 -127.0509 38.59952 87.68221 -127.3567 38.37121 87.37306 -127.6026 38.11522 87.03809 -127.7828 37.83783 86.68552 -127.8927 37.54587 83.54553 -125.3989 44.85039 83.46573 -125.8567 44.77484 83.33492 -126.2916 44.65098 83.1563 -126.693 44.48189 82.93428 -127.0509 44.2717 82.67433 -127.3567 44.0256 82.38286 -127.6026 43.74964 82.06702 -127.7828 43.45064 81.73461 -127.8927 43.13593 -104.6267 -125.3989 13.32072 -97.41373 -125.3989 26.76534 -83.42323 -125.3989 44.85039 -88.48391 -125.3989 39.13639 -83.34342 -125.8567 44.77484 -88.39926 -125.8567 39.0663 -83.2126 -126.2916 44.65098 -88.26052 -126.2916 38.9514 -83.03398 -126.693 44.48189 -88.07107 -126.693 38.79452 -82.81197 -127.0509 44.2717 -87.8356 -127.0509 38.59952 -82.55202 -127.3567 44.0256 -87.55989 -127.3567 38.37121 -82.26054 -127.6026 43.74964 -87.25075 -127.6026 38.11522 -81.9447 -127.7828 43.45064 -86.91577 -127.7828 37.83783 -81.61229 -127.8927 43.13593 -86.5632 -127.8927 37.54587 -93.15428 -125.3989 33.09917 -93.06517 -125.8567 33.03484 -92.9191 -126.2916 32.9294 -92.71967 -126.693 32.78544 -92.47177 -127.0509 32.60651 -92.18152 -127.3567 32.39699 -91.85607 -127.6026 32.16207 -91.50342 -127.7828 31.90752 -91.13226 -127.8927 31.63961 -97.32056 -125.8567 26.70707 -97.16781 -126.2916 26.61156 -96.95926 -126.693 26.48115 -96.70004 -127.0509 26.31905 -96.39653 -127.3567 26.12927 -96.0562 -127.6026 25.91645 -95.68744 -127.7828 25.68587 -95.29933 -127.8927 25.44318 -101.2435 -125.3989 20.16282 -101.1467 -125.8567 20.11086 -100.9879 -126.2916 20.0257 -100.7712 -126.693 19.90942 -100.5018 -127.0509 19.76488 -100.1863 -127.3567 19.59565 -99.83264 -127.6026 19.40589 -99.44939 -127.7828 19.20028 -99.04602 -127.8927 18.98388 -104.5266 -125.8567 13.27531 -104.3626 -126.2916 13.20086 -104.1386 -126.693 13.09922 -103.8602 -127.0509 12.97288 -103.5342 -127.3567 12.82495 -103.1687 -127.6026 12.65908 -102.7727 -127.7828 12.47935 -102.3558 -127.8927 12.29019 -107.5485 -125.3989 6.269203 -107.4456 -125.8567 6.23053 -107.277 -126.2916 6.167129 -107.0467 -126.693 6.080574 -106.7605 -127.0509 5.972984 -106.4255 -127.3567 5.847015 -106.0498 -127.6026 5.705772 -105.6427 -127.7828 5.552719 -105.2142 -127.8927 5.391632 93.27594 125.5397 33.10007 104.7489 125.5397 13.32097 95.42121 128.0334 25.44386 91.25394 128.0334 31.6405 95.80933 127.9236 25.68656 91.62509 127.9236 31.90841 96.17809 127.7434 25.91715 91.97774 127.7434 32.16296 96.5184 127.4974 26.12997 92.30319 127.4974 32.39789 96.8219 127.1917 26.31976 92.59343 127.1917 32.60741 97.08113 126.8337 26.48185 92.84133 126.8337 32.78635 97.28969 126.4323 26.61226 93.04076 126.4323 32.93031 97.44243 125.9974 26.70778 93.18683 125.9974 33.03574 97.5356 125.5397 26.76605 105.3365 128.0334 5.391632 102.478 128.0334 12.29044 105.765 127.9236 5.552719 102.8949 127.9236 12.47961 106.1721 127.7434 5.705772 103.2909 127.7434 12.65933 106.5478 127.4974 5.847015 103.6564 127.4974 12.8252 106.8828 127.1917 5.972984 103.9824 127.1917 12.97313 107.169 126.8337 6.080574 104.2608 126.8337 13.09946 107.3993 126.4323 6.167129 104.4848 126.4323 13.20111 107.5679 125.9974 6.23053 104.6488 125.9974 13.27556 107.6708 125.5397 6.269203 101.3656 125.5397 20.16331 101.2687 125.9974 20.11135 101.11 126.4323 20.02618 100.8932 126.8337 19.90991 100.6238 127.1917 19.76537 100.3084 127.4974 19.59613 99.9547 127.7434 19.40637 99.57144 127.9236 19.20076 99.16808 128.0334 18.98435 88.60535 125.5397 39.13747 88.52069 125.9974 39.06737 88.38195 126.4323 38.95247 88.19251 126.8337 38.79558 87.95703 127.1917 38.60059 87.68132 127.4974 38.37228 87.37218 127.7434 38.11627 87.0372 127.9236 37.83888 86.68465 128.0334 37.54693 81.73349 128.0334 43.13712 82.06589 127.9236 43.45183 82.38172 127.7434 43.75084 82.67319 127.4974 44.02679 82.93314 127.1917 44.2729 83.15515 126.8337 44.48309 83.33377 126.4323 44.6522 83.46459 125.9974 44.77605 83.54439 125.5397 44.85161 -101.2433 125.5397 20.16331 -93.15363 125.5397 33.10007 -88.48303 125.5397 39.13747 -81.61117 128.0334 43.13712 -86.56233 128.0334 37.54693 -81.94358 127.9236 43.45183 -86.9149 127.9236 37.83888 -82.25941 127.7434 43.75084 -87.24987 127.7434 38.11627 -82.55088 127.4974 44.02679 -87.55902 127.4974 38.37228 -82.81082 127.1917 44.2729 -87.83472 127.1917 38.60059 -83.03284 126.8337 44.48309 -88.07019 126.8337 38.79558 -83.21145 126.4323 44.6522 -88.25963 126.4323 38.95247 -83.34227 125.9974 44.77605 -88.39838 125.9974 39.06737 -83.42208 125.5397 44.85161 -91.13162 128.0334 31.6405 -91.50278 127.9236 31.90841 -91.85543 127.7434 32.16296 -92.18088 127.4974 32.39789 -92.47113 127.1917 32.60741 -92.71901 126.8337 32.78635 -92.91844 126.4323 32.93031 -93.06452 125.9974 33.03574 -97.41329 125.5397 26.76605 -97.32012 125.9974 26.70778 -97.16738 126.4323 26.61226 -96.95883 126.8337 26.48185 -96.6996 127.1917 26.31976 -96.39609 127.4974 26.12997 -96.05577 127.7434 25.91715 -95.68701 127.9236 25.68656 -95.29889 128.0334 25.44386 -99.04577 128.0334 18.98435 -99.44913 127.9236 19.20076 -99.83238 127.7434 19.40637 -100.1861 127.4974 19.59613 -100.5015 127.1917 19.76537 -100.7709 126.8337 19.90991 -100.9877 126.4323 20.02618 -101.1464 125.9974 20.11135 -102.3557 128.0334 12.29044 -102.7726 127.9236 12.47961 -103.1686 127.7434 12.65933 -103.5341 127.4974 12.8252 -103.8601 127.1917 12.97313 -104.1385 126.8337 13.09946 -104.3625 126.4323 13.20111 -104.5265 125.9974 13.27556 -104.6266 125.5397 13.32097 -105.2142 128.0334 5.391632 -105.6427 127.9236 5.552719 -106.0498 127.7434 5.705772 -106.4255 127.4974 5.847015 -106.7605 127.1917 5.972984 -107.0467 126.8337 6.080574 -107.277 126.4323 6.167129 -107.4456 125.9974 6.23053 -107.5485 125.5397 6.269203 -110.0984 -124.9296 -2.304222 -110.4777 -124.9296 -4.235199 -110.4413 -125.3989 -4.241722 -109.7822 -127.6026 -15.09547 -108.8896 -127.8927 -15.09144 -109.3473 -127.7828 -15.09351 -110.1836 -127.3567 -15.09728 -110.5416 -127.0509 -15.0989 -110.8473 -126.693 -15.10028 -111.0932 -126.2916 -15.10139 -111.2734 -125.8567 -15.1022 -111.3089 -124.9296 -11.16922 -111.4202 -124.9296 -15.10286 -111.3833 -125.3989 -15.1027 -109.2698 -124.9296 1.089416 -109.2342 -125.3989 1.07962 -109.1283 -125.8567 1.050453 -108.9546 -126.2916 1.002655 -108.7174 -126.693 0.9373856 -108.4227 -127.0509 0.8562546 -108.0775 -127.3567 0.7612686 -107.6905 -127.6026 0.6547546 -107.2712 -127.7828 0.5393448 -106.8299 -127.8927 0.4178772 -110.3331 -125.8567 -4.261131 -110.1558 -126.2916 -4.292946 -109.9137 -126.693 -4.336388 -109.6128 -127.0509 -4.390388 -109.2605 -127.3567 -4.453606 -108.8654 -127.6026 -4.524498 -108.4373 -127.7828 -4.601311 -107.9867 -127.8927 -4.682152 -111.1964 -124.9296 -9.647568 -111.1596 -125.3989 -9.650757 -111.0502 -125.8567 -9.660256 -110.8707 -126.2916 -9.67582 -110.6256 -126.693 -9.697075 -110.321 -127.0509 -9.723488 -109.9644 -127.3567 -9.754426 -109.5645 -127.6026 -9.789109 -109.1312 -127.7828 -9.826683 -108.6752 -127.8927 -9.866242 -109.2698 125.0704 1.089416 -110.0984 125.0704 -2.304222 -110.4777 125.0704 -4.235199 -111.1964 125.0704 -9.647568 -111.3089 125.0704 -11.16922 -111.4202 125.0704 -15.10286 -111.1596 125.5397 -9.650757 -109.2342 125.5397 1.07962 -110.8473 126.8337 -15.10028 -111.3833 125.5397 -15.1027 -111.2734 125.9974 -15.1022 -111.0932 126.4323 -15.10139 -110.5416 127.1917 -15.0989 -110.1836 127.4974 -15.09728 -109.7822 127.7434 -15.09547 -109.3473 127.9236 -15.09351 -108.8896 128.0334 -15.09144 -106.8299 128.0334 0.4178772 -107.2712 127.9236 0.5393448 -107.6905 127.7434 0.6547546 -108.0775 127.4974 0.7612686 -108.4227 127.1917 0.8562546 -108.7174 126.8337 0.9373856 -108.9546 126.4323 1.002655 -109.1283 125.9974 1.050453 -110.4413 125.5397 -4.241722 -110.3331 125.9974 -4.261131 -110.1558 126.4323 -4.292946 -109.9137 126.8337 -4.336388 -109.6128 127.1917 -4.390388 -109.2605 127.4974 -4.453606 -108.8654 127.7434 -4.524498 -108.4373 127.9236 -4.601311 -107.9867 128.0334 -4.682152 -108.6752 128.0334 -9.866242 -109.1312 127.9236 -9.826683 -109.5645 127.7434 -9.789109 -109.9644 127.4974 -9.754426 -110.321 127.1917 -9.723488 -110.6256 126.8337 -9.697075 -110.8707 126.4323 -9.67582 -111.0502 125.9974 -9.660256 110.2207 -124.9296 -2.304222 109.3922 -124.9296 1.089416 109.3566 -125.3989 1.07962 111.4312 -124.9296 -11.16922 111.3187 -124.9296 -9.647568 111.282 -125.3989 -9.650757 111.5425 -124.9296 -15.10286 111.5056 -125.3989 -15.1027 111.3957 -125.8567 -15.1022 111.2156 -126.2916 -15.10139 110.9696 -126.693 -15.10028 110.6639 -127.0509 -15.0989 109.9045 -127.6026 -15.09547 110.3059 -127.3567 -15.09728 109.4696 -127.7828 -15.09351 109.0119 -127.8927 -15.09144 111.1725 -125.8567 -9.660256 110.993 -126.2916 -9.67582 110.7479 -126.693 -9.697075 110.4433 -127.0509 -9.723488 110.0867 -127.3567 -9.754426 109.6868 -127.6026 -9.789109 109.2536 -127.7828 -9.826683 108.7975 -127.8927 -9.866242 110.6 -124.9296 -4.235199 110.5636 -125.3989 -4.241722 110.4554 -125.8567 -4.261131 110.2781 -126.2916 -4.292946 110.036 -126.693 -4.336388 109.7351 -127.0509 -4.390388 109.3828 -127.3567 -4.453606 108.9877 -127.6026 -4.524498 108.5596 -127.7828 -4.601311 108.1091 -127.8927 -4.682152 109.2506 -125.8567 1.050453 109.0769 -126.2916 1.002655 108.8398 -126.693 0.9373856 108.545 -127.0509 0.8562546 108.1999 -127.3567 0.7612686 107.8129 -127.6026 0.6547546 107.3935 -127.7828 0.5393448 106.9522 -127.8927 0.4178772 111.5425 125.0704 -15.10286 111.4312 125.0704 -11.16922 111.3187 125.0704 -9.647568 110.6 125.0704 -4.235199 110.2207 125.0704 -2.304222 109.3922 125.0704 1.089416 110.5636 125.5397 -4.241722 111.5056 125.5397 -15.1027 111.3957 125.9974 -15.1022 110.9696 126.8337 -15.10028 109.0119 128.0334 -15.09144 109.4696 127.9236 -15.09351 109.9045 127.7434 -15.09547 110.3059 127.4974 -15.09728 110.6639 127.1917 -15.0989 111.2156 126.4323 -15.10139 111.282 125.5397 -9.650757 111.1725 125.9974 -9.660256 110.993 126.4323 -9.67582 110.7479 126.8337 -9.697075 110.4433 127.1917 -9.723488 110.0867 127.4974 -9.754426 109.6868 127.7434 -9.789109 109.2536 127.9236 -9.826683 108.7975 128.0334 -9.866242 108.1091 128.0334 -4.682152 108.5596 127.9236 -4.601311 108.9877 127.7434 -4.524498 109.3828 127.4974 -4.453606 109.7351 127.1917 -4.390388 110.036 126.8337 -4.336388 110.2781 126.4323 -4.292946 110.4554 125.9974 -4.261131 106.9522 128.0334 0.4178772 107.3935 127.9236 0.5393448 107.8129 127.7434 0.6547546 108.1999 127.4974 0.7612686 108.545 127.1917 0.8562546 108.8398 126.8337 0.9373856 109.0769 126.4323 1.002655 109.2506 125.9974 1.050453 109.3566 125.5397 1.07962 75.80385 -127.8927 48.95408 76.11211 -127.7828 49.29246 76.405 -127.6026 49.61396 76.67533 -127.3567 49.91067 76.9164 -127.0509 50.17529 77.12229 -126.693 50.4013 77.28794 -126.2916 50.58313 77.40926 -125.8567 50.7163 77.48328 -125.3989 50.79755 70.99852 -125.3989 56.28094 49.37364 -125.3989 69.6631 56.90526 -125.3989 65.73954 64.1267 -125.3989 61.27067 41.57294 -125.3989 73.01999 33.54571 -125.3989 75.79189 25.33577 -125.3989 77.96364 16.98792 -125.3989 79.52341 -8.425377 -125.3989 80.46269 0.06115722 -125.3989 80.77635 8.547692 -125.3989 80.46269 -33.4234 -125.3989 75.79189 -25.21346 -125.3989 77.96364 -16.8656 -125.3989 79.52341 -41.45062 -125.3989 73.01999 -49.25133 -125.3989 69.6631 -56.78294 -125.3989 65.73954 -64.00438 -125.3989 61.27067 -77.36096 -125.3989 50.79755 -70.87621 -125.3989 56.28094 70.93071 -125.8567 56.19446 64.06545 -125.8567 61.17943 56.85092 -125.8567 65.64402 49.32651 -125.8567 69.56383 41.53326 -125.8567 72.91751 33.5137 -125.8567 75.68675 25.31162 -125.8567 77.85643 16.97174 -125.8567 79.41471 8.539582 -125.8567 80.35309 0.06115722 -125.8567 80.66646 -8.417267 -125.8567 80.35309 -16.84942 -125.8567 79.41471 -25.1893 -125.8567 77.85643 -33.39139 -125.8567 75.68675 -41.41094 -125.8567 72.91751 -49.20419 -125.8567 69.56383 -56.72861 -125.8567 65.64402 -63.94313 -125.8567 61.17943 -70.8084 -125.8567 56.19446 -77.28695 -125.8567 50.7163 70.81955 -126.2916 56.0527 63.96506 -126.2916 61.02985 56.76184 -126.2916 65.48743 49.24924 -126.2916 69.4011 41.46821 -126.2916 72.74951 33.46124 -126.2916 75.51442 25.272 -126.2916 77.68068 16.94521 -126.2916 79.23653 8.526284 -126.2916 80.17343 0.06115722 -126.2916 80.48632 -8.403969 -126.2916 80.17343 -16.8229 -126.2916 79.23653 -25.1497 -126.2916 77.68068 -33.33892 -126.2916 75.51442 -41.34589 -126.2916 72.74951 -49.12691 -126.2916 69.4011 -56.63953 -126.2916 65.48743 -63.84274 -126.2916 61.02985 -70.69724 -126.2916 56.0527 -77.16562 -126.2916 50.58313 70.66777 -126.693 55.85914 63.82797 -126.693 60.82561 56.64023 -126.693 65.27362 49.14372 -126.693 69.17891 41.37939 -126.693 72.52014 33.3896 -126.693 75.27912 25.21793 -126.693 77.44074 16.909 -126.693 78.99324 8.508126 -126.693 79.92813 0.06115722 -126.693 80.24034 -8.385811 -126.693 79.92813 -16.78668 -126.693 78.99324 -25.09562 -126.693 77.44074 -33.26728 -126.693 75.27912 -41.25708 -126.693 72.52014 -49.02141 -126.693 69.17891 -56.51791 -126.693 65.27362 -63.70566 -126.693 60.82561 -70.54547 -126.693 55.85914 -76.99997 -126.693 50.4013 70.47913 -127.0509 55.61854 63.65761 -127.0509 60.57176 56.48906 -127.0509 65.00789 49.01259 -127.0509 68.90274 41.269 -127.0509 72.23505 33.30055 -127.0509 74.98664 25.15073 -127.0509 77.14249 16.86398 -127.0509 78.69083 8.48555 -127.0509 79.62325 0.06115722 -127.0509 79.93462 -8.363244 -127.0509 79.62325 -16.74167 -127.0509 78.69083 -25.0284 -127.0509 77.14249 -33.17823 -127.0509 74.98664 -41.14668 -127.0509 72.23505 -48.89027 -127.0509 68.90274 -56.36674 -127.0509 65.00789 -63.53529 -127.0509 60.57176 -70.35681 -127.0509 55.61854 -76.79409 -127.0509 50.17529 70.25826 -127.3567 55.33687 63.45813 -127.3567 60.27452 56.31206 -127.3567 64.69675 48.85904 -127.3567 68.57938 41.13974 -127.3567 71.90123 33.19629 -127.3567 74.64418 25.07202 -127.3567 76.79328 16.81128 -127.3567 78.33678 8.45913 -127.3567 79.26625 0.06115722 -127.3567 79.57665 -8.336815 -127.3567 79.26625 -16.68896 -127.3567 78.33678 -24.94971 -127.3567 76.79328 -33.07397 -127.3567 74.64418 -41.01742 -127.3567 71.90123 -48.73672 -127.3567 68.57938 -56.18974 -127.3567 64.69675 -63.33581 -127.3567 60.27452 -70.13594 -127.3567 55.33687 -76.55301 -127.3567 49.91067 70.01058 -127.6026 55.02099 63.23443 -127.6026 59.94124 56.11359 -127.6026 64.34786 48.68686 -127.6026 68.2168 40.9948 -127.6026 71.52693 33.07938 -127.6026 74.26021 24.98378 -127.6026 76.40172 16.75218 -127.6026 77.93976 8.429497 -127.6026 78.86597 0.06115722 -127.6026 79.17527 -8.307183 -127.6026 78.86597 -16.62986 -127.6026 77.93976 -24.86147 -127.6026 76.40172 -32.95706 -127.6026 74.26021 -40.87249 -127.6026 71.52693 -48.56455 -127.6026 68.2168 -55.99127 -127.6026 64.34786 -63.11213 -127.6026 59.94124 -69.88826 -127.6026 55.02099 -76.28269 -127.6026 49.61396 69.74222 -127.7828 54.67874 62.99208 -127.7828 59.58011 55.89854 -127.7828 63.96983 48.5003 -127.7828 67.82392 40.83775 -127.7828 71.12136 32.9527 -127.7828 73.84415 24.88815 -127.7828 75.97743 16.68814 -127.7828 77.50959 8.397393 -127.7828 78.43224 0.06115722 -127.7828 78.74034 -8.275078 -127.7828 78.43224 -16.56583 -127.7828 77.50959 -24.76585 -127.7828 75.97743 -32.83038 -127.7828 73.84415 -40.71545 -127.7828 71.12136 -48.37799 -127.7828 67.82392 -55.77622 -127.7828 63.96983 -62.86976 -127.7828 59.58011 -69.61991 -127.7828 54.67874 -75.98979 -127.7828 49.29246 69.45977 -127.8927 54.31853 62.73698 -127.8927 59.20004 55.67221 -127.8927 63.57194 48.30397 -127.8927 67.41042 40.67247 -127.8927 70.69449 32.81938 -127.8927 73.40624 24.78752 -127.8927 75.53089 16.62074 -127.8927 77.05683 8.363602 -127.8927 77.97574 0.06115722 -127.8927 78.2826 -8.241288 -127.8927 77.97574 -16.49843 -127.8927 77.05683 -24.66521 -127.8927 75.53089 -32.69706 -127.8927 73.40624 -40.55015 -127.8927 70.69449 -48.18165 -127.8927 67.41042 -55.54989 -127.8927 63.57194 -62.61467 -127.8927 59.20004 -69.33745 -127.8927 54.31853 -75.68153 -127.8927 48.95408 -77.35984 125.5397 50.79856 -70.87514 125.5397 56.28178 -56.78202 125.5397 65.74007 -49.2505 125.5397 69.6635 -25.21302 125.5397 77.96373 0.06115722 125.5397 80.77635 8.547539 125.5397 80.46271 25.33533 125.5397 77.96373 33.54513 125.5397 75.79206 56.90433 125.5397 65.74007 77.48215 125.5397 50.79856 62.73599 128.0334 59.2007 55.67129 128.0334 63.57246 62.99109 127.9236 59.58078 55.89763 127.9236 63.97034 63.23344 127.7434 59.94191 56.11267 127.7434 64.34838 63.45712 127.4974 60.27519 56.31114 127.4974 64.69727 63.6566 127.1917 60.57243 56.48813 127.1917 65.00841 63.82698 126.8337 60.82629 56.6393 126.8337 65.27416 63.96403 126.4323 61.03053 56.76092 126.4323 65.48795 64.06444 125.9974 61.18011 56.84999 125.9974 65.64453 64.12567 125.5397 61.27136 -16.49814 128.0334 77.05687 -24.66477 128.0334 75.53098 -16.56553 127.9236 77.50963 -24.7654 127.9236 75.97754 -16.62957 127.7434 77.93981 -24.86102 127.7434 76.40181 -16.68867 127.4974 78.33683 -24.94927 127.4974 76.79338 -16.74137 127.1917 78.69087 -25.02796 127.1917 77.14258 -16.78639 126.8337 78.99329 -25.09518 126.8337 77.44084 -16.8226 126.4323 79.23657 -25.14925 126.4323 77.68079 -16.84912 125.9974 79.41475 -25.18886 125.9974 77.85652 -16.8653 125.5397 79.52346 75.80274 128.0334 48.95507 76.11101 127.9236 49.29346 76.4039 127.7434 49.61497 76.67421 127.4974 49.91169 76.91529 127.1917 50.17631 77.12117 126.8337 50.40232 77.28682 126.4323 50.58415 77.40814 125.9974 50.71732 70.99745 125.5397 56.28178 70.92964 125.9974 56.19531 70.81848 126.4323 56.05354 70.6667 126.8337 55.85998 70.47806 127.1917 55.61938 70.25719 127.4974 55.33769 70.00952 127.7434 55.02183 69.74115 127.9236 54.67958 69.45871 128.0334 54.31935 49.37282 125.5397 69.6635 49.32568 125.9974 69.56423 49.24841 126.4323 69.40149 49.1429 126.8337 69.17931 49.01176 127.1917 68.90312 48.85821 127.4974 68.57976 48.68605 127.7434 68.21718 48.4995 127.9236 67.8243 48.30316 128.0334 67.4108 40.67178 128.0334 70.69475 40.83707 127.9236 71.12162 40.99411 127.7434 71.52719 41.13904 127.4974 71.90151 41.26829 127.1917 72.23532 41.37869 126.8337 72.52042 41.4675 126.4323 72.74979 41.53255 125.9974 72.91779 41.57223 125.5397 73.02027 32.8188 128.0334 73.40642 32.95213 127.9236 73.84432 33.0788 127.7434 74.26038 33.19571 127.4974 74.64437 33.29997 127.1917 74.9868 33.38902 126.8337 75.27928 33.46066 126.4323 75.51459 33.51312 125.9974 75.68692 24.78709 128.0334 75.53098 24.88773 127.9236 75.97754 24.98334 127.7434 76.40181 25.07158 127.4974 76.79338 25.15028 127.1917 77.14258 25.21748 126.8337 77.44084 25.27156 126.4323 77.68079 25.31117 125.9974 77.85652 16.98761 125.5397 79.52346 16.97144 125.9974 79.41475 16.94492 126.4323 79.23657 16.90869 126.8337 78.99329 16.86368 127.1917 78.69087 16.81097 127.4974 78.33683 16.75188 127.7434 77.93981 16.68785 127.9236 77.50963 16.62045 128.0334 77.05687 8.363457 128.0334 77.97574 8.397248 127.9236 78.43224 8.429352 127.7434 78.86597 8.458977 127.4974 79.26627 8.485405 127.1917 79.62325 8.507973 126.8337 79.92815 8.526131 126.4323 80.17345 8.539429 125.9974 80.35311 0.06115722 128.0334 78.2826 0.06115722 127.9236 78.74034 0.06115722 127.7434 79.17527 0.06115722 127.4974 79.57665 0.06115722 127.1917 79.93462 0.06115722 126.8337 80.24034 0.06115722 126.4323 80.48632 0.06115722 125.9974 80.66646 -8.425225 125.5397 80.46271 -8.417115 125.9974 80.35311 -8.403817 126.4323 80.17345 -8.385659 126.8337 79.92815 -8.363091 127.1917 79.62325 -8.336663 127.4974 79.26627 -8.307038 127.7434 78.86597 -8.274933 127.9236 78.43224 -8.241143 128.0334 77.97574 -33.42282 125.5397 75.79206 -33.39081 125.9974 75.68692 -33.33834 126.4323 75.51459 -33.2667 126.8337 75.27928 -33.17766 127.1917 74.9868 -33.07339 127.4974 74.64437 -32.95649 127.7434 74.26038 -32.82981 127.9236 73.84432 -32.69649 128.0334 73.40642 -40.54947 128.0334 70.69475 -40.71475 127.9236 71.12162 -40.87179 127.7434 71.52719 -41.01672 127.4974 71.90151 -41.14598 127.1917 72.23532 -41.25637 126.8337 72.52042 -41.34518 126.4323 72.74979 -41.41023 125.9974 72.91779 -41.44991 125.5397 73.02027 -48.18084 128.0334 67.4108 -48.37718 127.9236 67.8243 -48.56374 127.7434 68.21718 -48.7359 127.4974 68.57976 -48.88945 127.1917 68.90312 -49.02059 126.8337 69.17931 -49.12609 126.4323 69.40149 -49.20336 125.9974 69.56423 -55.54898 128.0334 63.57246 -55.77531 127.9236 63.97034 -55.99036 127.7434 64.34838 -56.18883 127.4974 64.69727 -56.36582 127.1917 65.00841 -56.51699 126.8337 65.27416 -56.63861 126.4323 65.48795 -56.72768 125.9974 65.64453 -64.00336 125.5397 61.27136 -63.94212 125.9974 61.18011 -63.84173 126.4323 61.03053 -63.70466 126.8337 60.82629 -63.53429 127.1917 60.57243 -63.33481 127.4974 60.27519 -63.11113 127.7434 59.94191 -62.86877 127.9236 59.58078 -62.61368 128.0334 59.2007 -69.33639 128.0334 54.31935 -69.61884 127.9236 54.67958 -69.88721 127.7434 55.02183 -70.13488 127.4974 55.33769 -70.35575 127.1917 55.61938 -70.54439 126.8337 55.85998 -70.69617 126.4323 56.05354 -70.80732 125.9974 56.19531 -75.68042 128.0334 48.95507 -75.9887 127.9236 49.29346 -76.28159 127.7434 49.61497 -76.5519 127.4974 49.91169 -76.79297 127.1917 50.17631 -76.99886 126.8337 50.40232 -77.16451 126.4323 50.58415 -77.28583 125.9974 50.71732</float_array>
          <technique_common>
            <accessor source="#simple_Body_001-mesh-positions-array" count="1777" stride="3">
              <param name="X" type="float"/>
              <param name="Y" type="float"/>
              <param name="Z" type="float"/>
            </accessor>
          </technique_common>
        </source>
        <source id="simple_Body_001-mesh-normals">
          <float_array id="simple_Body_001-mesh-normals-array" count="11007">0 0 1 0 0 1 0 0 1 0 0 1 0 0 1 0 0 1 0 0 1 0 0 1 0 0 1 0 0 1 0 0 1 0 0 1 0 0 1 0 0 1 0 0 1 0 0 1 0 0 1 0 0 1 0 0 1 0 0 1 0 0 1 0 0 1 0 0 1 0 0 1 0 0 1 0 0 1 0 0 1 0 0 1 0 0 1 0 0 1 0 0 1 0 0 1 0 0 1 0 0 1 0 0 1 0 0 1 0 0 1 0 0 1 0 0 1 0 0 1 0 0 1 0 0 1 0 0 1 0 0 1 0 0 1 0 0 1 0 0 1 0 0 1 0 0 1 0 0 1 0 0 1 0 0 1 0 0 1 0 0 1 0 0 1 0 0 1 0 0 1 0 0 1 0 0 1 0 0 1 0 0 1 0 0 1 0 0 1 0 0 1 0 0 1 0 0 1 0 0 1 0 0 1 0 0 1 0 0 1 0 0 1 0 0 1 0 0 1 0 0 1 0 0 1 0 0 1 0 0 1 0 0 1 0 0 1 0 0 1 0 0 1 0 0 1 0 0 1 -0.9898589 -0.0502187 -0.1328811 -0.9678523 -0.2153447 -0.1299557 -0.9815163 -0.1387699 -0.1317902 -0.9849251 -0.1108618 -0.1327867 -0.9224811 -0.3656065 -0.1239374 -0.948206 -0.2909922 -0.1273934 -0.8526843 -0.5097974 -0.1141759 -0.8939192 -0.4317716 -0.1203393 -0.806712 -0.5808719 -0.1086437 -0.690518 -0.7173092 -0.09301835 -0.7586267 -0.6433584 -0.102838 -0.5381363 -0.8396347 -0.07364094 -0.5660656 -0.8208007 -0.07652544 -0.6283441 -0.773284 -0.08494436 -0.4214865 -0.9050344 -0.0571137 -0.4908106 -0.8687243 -0.06650698 -0.2740976 -0.9609807 -0.03723841 -0.349551 -0.935713 -0.04748851 -0.1987396 -0.9796776 -0.02709949 -0.07861614 -0.9968472 -0.01073986 -0.9878481 -0.07840055 -0.1341996 -0.9755181 -0.07844215 -0.2054536 -0.9487216 -0.2264466 -0.2205659 -0.8416964 -0.2279416 -0.4894791 -0.9641033 -0.07842499 -0.2536816 -0.943822 -0.07834565 -0.3210328 -0.9438204 -0.07836252 -0.3210335 -0.9253822 -0.07845854 -0.3708262 -0.9035418 -0.1197264 -0.411434 -0.9058123 -0.0783829 -0.4163656 -0.872483 -0.07843542 -0.4823084 -0.6604886 -0.2290559 -0.7150443 -0.8474357 -0.07844227 -0.525071 -0.807787 -0.07836407 -0.5842424 -0.8077856 -0.07837808 -0.5842427 -0.7760755 -0.0784735 -0.6257386 -0.7435573 -0.1100347 -0.6595566 -0.7440303 -0.07835483 -0.6635355 -0.6928412 -0.07841366 -0.7168141 -0.4210914 -0.2298111 -0.8774217 -0.6563603 -0.07844477 -0.7503582 -0.6004037 -0.07836884 -0.7958478 -0.6004029 -0.07837599 -0.7958477 -0.5586413 -0.0784716 -0.8256889 -0.5174313 -0.09991544 -0.8498716 -0.5169174 -0.07837021 -0.8524404 -0.4523611 -0.07843273 -0.8883793 -0.1446091 -0.2301778 -0.9623442 -0.4076533 -0.07845503 -0.9097602 -0.3399879 -0.07837963 -0.9371579 -0.33999 -0.0783593 -0.9371588 -0.2921178 -0.07845538 -0.9531589 -0.2450504 -0.0893377 -0.9653854 -0.2444188 -0.07836955 -0.9664976 -0.1721622 -0.07843798 -0.9819408 -0.1231512 -0.07843267 -0.9892836 -0.04954379 -0.07835966 -0.9956933 -0.04954367 -0.07836109 -0.9956932 -0.9636093 -0.2332193 -0.1306364 -0.9471775 -0.23316 -0.220207 -0.9471729 -0.233178 -0.2202074 -0.920634 -0.2331777 -0.313147 -0.9206376 -0.2331641 -0.313147 -0.8850036 -0.2331645 -0.4029924 -0.8850025 -0.2331691 -0.4029923 -0.8406256 -0.2331693 -0.4888564 -0.8406234 -0.233178 -0.488856 -0.7879422 -0.2331776 -0.5698907 -0.7879441 -0.2331694 -0.5698913 -0.7274792 -0.2331704 -0.6452949 -0.7274777 -0.2331769 -0.6452943 -0.6598244 -0.2331761 -0.7143253 -0.6598262 -0.2331678 -0.7143264 -0.5856554 -0.2331669 -0.7762995 -0.5856555 -0.2331662 -0.7762997 -0.5056996 -0.2331675 -0.8306027 -0.5056996 -0.2331675 -0.8306027 -0.4207459 -0.2331672 -0.8767017 -0.4207473 -0.2331593 -0.8767032 -0.3316391 -0.2331591 -0.9141402 -0.3316375 -0.233169 -0.9141383 -0.2392525 -0.2331696 -0.9425445 -0.2392506 -0.2331833 -0.9425415 -0.1445028 -0.2331831 -0.9616364 -0.1445024 -0.2331865 -0.9616357 -0.04832649 -0.2331865 -0.9712305 -0.04832667 -0.2331841 -0.971231 -0.9156122 -0.3823756 -0.1242703 -0.9000403 -0.3822854 -0.2092496 -0.9000433 -0.3822782 -0.2092496 -0.874825 -0.3822783 -0.2975642 -0.8748207 -0.3822888 -0.2975637 -0.8409604 -0.3822886 -0.3829374 -0.8409634 -0.3822812 -0.3829382 -0.7987945 -0.3822807 -0.4645308 -0.7987934 -0.3822834 -0.4645304 -0.7487338 -0.3822838 -0.5415319 -0.748737 -0.3822758 -0.5415333 -0.69128 -0.3822764 -0.6131858 -0.6912755 -0.3822886 -0.6131833 -0.6269901 -0.3822877 -0.678778 -0.6269915 -0.3822837 -0.678779 -0.5565111 -0.3822842 -0.7376681 -0.556513 -0.3822783 -0.7376697 -0.4805358 -0.3822774 -0.7892715 -0.4805347 -0.3822808 -0.7892704 -0.3998093 -0.3822807 -0.8330751 -0.3998078 -0.3822868 -0.833073 -0.3151338 -0.382287 -0.8686468 -0.3151358 -0.3822783 -0.86865 -0.2273461 -0.3822793 -0.895643 -0.2273466 -0.3822764 -0.8956441 -0.1373126 -0.3822761 -0.9137889 -0.1373141 -0.3822656 -0.9137931 -0.04592233 -0.3822656 -0.9229107 -0.0459218 -0.3822706 -0.9229087 -0.84518 -0.5221088 -0.1143385 -0.8307815 -0.5220118 -0.1931471 -0.830771 -0.5220288 -0.1931462 -0.8074939 -0.5220285 -0.274663 -0.8075009 -0.5220173 -0.2746643 -0.7762459 -0.5220175 -0.3534685 -0.7762392 -0.5220288 -0.3534666 -0.7373158 -0.5220289 -0.4287788 -0.7373225 -0.5220173 -0.4287814 -0.6911149 -0.522018 -0.4998574 -0.6911137 -0.5220202 -0.4998568 -0.6380786 -0.5220194 -0.5659959 -0.6380782 -0.5220203 -0.5659957 -0.5787398 -0.5220206 -0.6265419 -0.5787415 -0.5220171 -0.6265432 -0.5136851 -0.5220174 -0.6809005 -0.5136822 -0.522024 -0.6808976 -0.4435521 -0.5220247 -0.7285271 -0.4435517 -0.5220259 -0.7285265 -0.3690384 -0.5220267 -0.7689596 -0.369044 -0.5220108 -0.7689677 -0.290885 -0.522011 -0.8018046 -0.2908796 -0.5220292 -0.8017946 -0.2098487 -0.5220283 -0.8267104 -0.2098499 -0.5220236 -0.826713 -0.1267455 -0.5220227 -0.8434618 -0.126744 -0.5220311 -0.8434568 -0.04238724 -0.5220312 -0.8518725 -0.0423876 -0.5220282 -0.8518742 -0.753911 -0.6490834 -0.1015328 -0.7410282 -0.6489964 -0.1722819 -0.7410346 -0.6489889 -0.1722826 -0.7202713 -0.6489894 -0.2449939 -0.7202688 -0.6489923 -0.2449933 -0.6923903 -0.6489921 -0.3152855 -0.6923926 -0.6489893 -0.3152862 -0.657674 -0.6489893 -0.3824627 -0.6576744 -0.6489889 -0.3824629 -0.6164588 -0.6489884 -0.4458617 -0.6164528 -0.6489964 -0.4458584 -0.5691471 -0.6489965 -0.5048516 -0.5691547 -0.6489858 -0.5048568 -0.5162253 -0.6489862 -0.5588635 -0.5162158 -0.6490006 -0.5588554 -0.458189 -0.649 -0.60734 -0.4581948 -0.6489902 -0.6073461 -0.3956394 -0.6489905 -0.6498314 -0.3956379 -0.6489933 -0.6498294 -0.3291756 -0.6489927 -0.685895 -0.3291752 -0.6489938 -0.6858942 -0.2594584 -0.6489943 -0.7151837 -0.2594581 -0.6489952 -0.7151831 -0.1871808 -0.6489945 -0.7374073 -0.1871817 -0.6489916 -0.7374095 -0.1130533 -0.6489924 -0.7523482 -0.1130529 -0.6489948 -0.7523463 -0.03780877 -0.6489948 -0.7598528 -0.03781008 -0.6489859 -0.7598603 -0.6437603 -0.7601098 -0.08835124 -0.6330391 -0.7600007 -0.1471748 -0.6330403 -0.7599997 -0.147175 -0.6153035 -0.7599995 -0.2092903 -0.6153044 -0.7599987 -0.2092905 -0.5914884 -0.7599989 -0.2693387 -0.5914916 -0.759996 -0.2693397 -0.5618322 -0.7599961 -0.326727 -0.5618211 -0.7600066 -0.326722 -0.5266124 -0.7600065 -0.38088 -0.5266188 -0.7600001 -0.3808837 -0.4862069 -0.7600004 -0.4312797 -0.486205 -0.7600025 -0.4312783 -0.4409891 -0.7600023 -0.477415 -0.4410001 -0.75999 -0.4774246 -0.3914268 -0.7599909 -0.5188438 -0.3914211 -0.759998 -0.5188378 -0.3379825 -0.7599979 -0.5551314 -0.3379804 -0.7600009 -0.5551286 -0.2812039 -0.7600008 -0.5859378 -0.2812024 -0.7600033 -0.5859352 -0.2216463 -0.760003 -0.6109569 -0.2216503 -0.7599955 -0.6109649 -0.1599043 -0.7599964 -0.6299493 -0.1599015 -0.7600033 -0.6299417 -0.09657716 -0.7600033 -0.6427035 -0.09657907 -0.7599968 -0.6427109 -0.03229993 -0.7599966 -0.649124 -0.03229963 -0.7599981 -0.6491222 -0.5178518 -0.8524485 -0.07184159 -0.5093788 -0.8523549 -0.118425 -0.5093775 -0.8523557 -0.1184248 -0.4951053 -0.8523556 -0.1684058 -0.4950995 -0.8523594 -0.1684044 -0.4759367 -0.8523592 -0.216721 -0.4759365 -0.8523594 -0.2167209 -0.4520713 -0.8523592 -0.262898 -0.4520795 -0.8523536 -0.2629018 -0.4237481 -0.8523537 -0.3064811 -0.4237458 -0.8523554 -0.3064798 -0.3912285 -0.8523553 -0.3470314 -0.3912283 -0.8523554 -0.3470312 -0.3548459 -0.8523554 -0.3841544 -0.35484 -0.8523602 -0.3841493 -0.314953 -0.8523598 -0.4174774 -0.3149538 -0.8523591 -0.4174783 -0.2719546 -0.852359 -0.446682 -0.2719593 -0.8523542 -0.4466884 -0.2262724 -0.8523545 -0.4714789 -0.2262719 -0.8523552 -0.4714782 -0.1783505 -0.852355 -0.4916118 -0.1783488 -0.8523572 -0.4916085 -0.1286653 -0.8523572 -0.5068849 -0.1286667 -0.8523548 -0.5068887 -0.07771235 -0.8523549 -0.5171575 -0.07771241 -0.8523548 -0.5171578 -0.02599 -0.8523548 -0.5223177 -0.02598881 -0.8523598 -0.5223096 -0.3792219 -0.9237731 -0.0532357 -0.373141 -0.9237099 -0.08675128 -0.3731404 -0.9237101 -0.08675122 -0.3626854 -0.9237102 -0.1233648 -0.3626879 -0.9237091 -0.1233654 -0.3486499 -0.923709 -0.1587601 -0.3486485 -0.9237096 -0.1587597 -0.331166 -0.9237098 -0.1925859 -0.3311656 -0.9237099 -0.1925857 -0.3104119 -0.9237099 -0.2245095 -0.3104139 -0.9237089 -0.2245107 -0.2865932 -0.9237089 -0.2542168 -0.2865928 -0.9237091 -0.2542164 -0.2599405 -0.9237092 -0.2814112 -0.2599404 -0.9237093 -0.281411 -0.2307205 -0.9237093 -0.3058253 -0.2307213 -0.9237089 -0.3058261 -0.1992224 -0.9237088 -0.3272193 -0.1992213 -0.9237096 -0.3272179 -0.1657543 -0.9237094 -0.3453788 -0.165754 -0.9237096 -0.3453783 -0.1306491 -0.9237096 -0.3601268 -0.1306496 -0.9237092 -0.3601278 -0.09425413 -0.9237091 -0.3713186 -0.09425377 -0.9237096 -0.3713176 -0.05692774 -0.9237094 -0.3788406 -0.05692785 -0.9237092 -0.3788412 -0.01903825 -0.9237092 -0.3826212 -0.0190379 -0.9237101 -0.3826188 -0.2311969 -0.9723375 -0.03328353 -0.2276413 -0.9723057 -0.05292421 -0.2276434 -0.9723052 -0.05292451 -0.221265 -0.9723052 -0.07526153 -0.221267 -0.9723048 -0.07526201 -0.2127025 -0.9723048 -0.09685564 -0.2127017 -0.9723049 -0.09685534 -0.2020362 -0.972305 -0.1174919 -0.2020366 -0.9723049 -0.1174921 -0.1893752 -0.9723048 -0.136968 -0.1893731 -0.9723055 -0.1369667 -0.1748411 -0.9723055 -0.1550893 -0.174841 -0.9723055 -0.1550893 -0.1585816 -0.9723055 -0.1716801 -0.1585839 -0.9723047 -0.1716823 -0.1407573 -0.9723047 -0.1865769 -0.1407554 -0.9723054 -0.1865748 -0.1215389 -0.9723054 -0.1996258 -0.1215388 -0.9723055 -0.1996256 -0.1011213 -0.9723055 -0.2107045 -0.1011206 -0.9723059 -0.2107033 -0.07970458 -0.9723058 -0.2197009 -0.07970571 -0.9723052 -0.2197034 -0.05750167 -0.9723051 -0.226531 -0.05750232 -0.9723047 -0.2265328 -0.03473031 -0.9723048 -0.2311219 -0.03472954 -0.9723055 -0.2311185 -0.01161444 -0.9723055 -0.2334246 -0.01161462 -0.9723052 -0.2334258 -0.07783657 -0.9969102 -0.01055657 -0.07652932 -0.9969086 -0.01779216 -0.07652872 -0.9969086 -0.0177921 -0.07438445 -0.9969086 -0.02530121 -0.07438361 -0.9969087 -0.02530097 -0.07150459 -0.9969087 -0.03256011 -0.07150501 -0.9969087 -0.03256028 -0.06791955 -0.9969086 -0.03949785 -0.06791955 -0.9969087 -0.03949785 -0.063663 -0.9969086 -0.04604512 -0.06366294 -0.9969087 -0.04604512 -0.05877757 -0.9969087 -0.05213743 -0.05877655 -0.9969087 -0.05213671 -0.05331069 -0.9969087 -0.05771392 -0.05331128 -0.9969087 -0.05771446 -0.04731851 -0.9969087 -0.0627219 -0.04731923 -0.9969086 -0.06272268 -0.04085904 -0.9969086 -0.0671103 -0.04085892 -0.9969086 -0.06711018 -0.03399497 -0.9969086 -0.07083481 -0.03399461 -0.9969086 -0.07083415 -0.02679508 -0.9969087 -0.07385885 -0.0267952 -0.9969086 -0.07385921 -0.01933073 -0.9969086 -0.07615429 -0.01933073 -0.9969086 -0.07615429 -0.01167529 -0.9969086 -0.07769715 -0.01167523 -0.9969087 -0.07769674 -0.003904521 -0.9969087 -0.07847195 -0.0039047 -0.9969086 -0.07847297 0 -0.07845747 -0.9969175 0 -0.07845747 -0.9969175 0 -0.2334569 -0.9723672 0 -0.2334569 -0.9723672 0 -0.3826743 -0.9238833 0 -0.3826743 -0.9238833 0 -0.5224978 -0.8526406 0 -0.5224978 -0.8526406 0 -0.6494503 -0.760404 0 -0.6494503 -0.760404 0 -0.7603948 -0.649461 0 -0.7603948 -0.649461 0 -0.8526479 -0.522486 0 -0.8526479 -0.522486 0 -0.9238775 -0.3826882 0 -0.9238775 -0.3826882 0 -0.9723709 -0.2334416 0 -0.9723709 -0.2334416 0 -0.9969162 -0.07847356 0 -0.9969162 -0.07847356 0 -1 0 0 -1 0 0 -1 0 0 -1 0 0 -1 0 0 -1 0 0 -1 0 0 -1 0 0 -1 0 0 -1 0 0 -1 0 0 -1 0 0 -1 0 0 -1 0 0 -1 0 0 -1 0 0 -1 0 0 -1 0 0 -1 0 0 -1 0 0 -1 0 0 -1 0 0 -1 0 0 -1 0 0 -1 0 0 -1 0 0 -1 0 0 -1 0 0 -1 0 0 -1 0 0 0 -1 0 0 -1 0.04954385 -0.07836115 -0.9956932 0.04790174 -0.9988306 -0.006544053 0.2037209 -0.9786357 -0.02775061 0.1258304 -0.9919037 -0.01714044 0.3628436 -0.9305454 -0.04929202 0.2889333 -0.9565442 -0.03925132 0.2606968 -0.9647451 -0.03610986 0.5042198 -0.8608682 -0.06832462 0.4342951 -0.8988462 -0.05884993 0.6391605 -0.7642042 -0.08640521 0.5778629 -0.8123867 -0.07811868 0.5629146 -0.822988 -0.07627528 0.7505456 -0.6530148 -0.101257 0.6966506 -0.7112274 -0.09398633 0.8007024 -0.589281 -0.1078124 0.8852609 -0.4495974 -0.11906 0.8476812 -0.518111 -0.1140062 0.96466 -0.2292392 -0.1299246 0.9187486 -0.3751543 -0.1231272 0.9790385 -0.1555732 -0.1314557 0.04954367 -0.07835924 -0.9956934 0.1231509 -0.07843172 -0.9892837 0.1446092 -0.2301794 -0.9623438 0.1721627 -0.07843798 -0.9819407 0.2444183 -0.07836943 -0.9664977 0.2450501 -0.0893417 -0.9653851 0.2921177 -0.07846015 -0.9531586 0.3399891 -0.07836484 -0.9371587 0.3399899 -0.07837963 -0.9371572 0.4076523 -0.07845503 -0.9097606 0.4210905 -0.2298145 -0.8774212 0.4523624 -0.0784254 -0.8883793 0.5169171 -0.07836163 -0.8524413 0.5174313 -0.09991544 -0.8498716 0.5586243 -0.07848066 -0.8256996 0.6004036 -0.07838571 -0.7958464 0.6004033 -0.07836884 -0.7958482 0.6563603 -0.07844477 -0.7503582 0.6604886 -0.2290559 -0.7150443 0.6928412 -0.07841384 -0.7168141 0.7458005 -0.07834464 -0.6615465 0.7416433 -0.1118236 -0.6614081 0.7760871 -0.0784735 -0.6257242 0.8077868 -0.07837808 -0.5842409 0.8077872 -0.07835102 -0.5842438 0.8474367 -0.07842856 -0.5250716 0.8416991 -0.2279285 -0.4894807 0.8724839 -0.07842147 -0.4823089 0.9072896 -0.07835477 -0.4131418 0.9017257 -0.1228463 -0.4144871 0.9880847 -0.07806754 -0.1326429 0.9880568 -0.07837915 -0.1326666 0.9755194 -0.07842642 -0.2054538 0.9487227 -0.2264406 -0.2205675 0.9641033 -0.07842499 -0.2536817 0.9438219 -0.07834565 -0.3210329 0.9438211 -0.07836252 -0.3210312 0.9253699 -0.07845854 -0.3708569 0.9637655 -0.2332375 -0.1294465 0.9471708 -0.2331898 -0.2202044 0.9471765 -0.2331631 -0.220208 0.9206374 -0.2331632 -0.3131482 0.9206343 -0.2331786 -0.3131458 0.8850004 -0.2331784 -0.4029914 0.8850021 -0.2331691 -0.402993 0.8406247 -0.2331693 -0.488858 0.8406211 -0.2331913 -0.4888538 0.7879413 -0.23319 -0.5698868 0.7879462 -0.233157 -0.5698935 0.7274803 -0.2331589 -0.6452978 0.727478 -0.2331768 -0.6452939 0.6598249 -0.2331761 -0.7143248 0.6598258 -0.2331678 -0.7143268 0.5856554 -0.2331669 -0.7762995 0.5856555 -0.2331662 -0.7762996 0.5056996 -0.2331675 -0.8306027 0.5056996 -0.2331675 -0.8306027 0.4207465 -0.2331672 -0.8767014 0.4207469 -0.2331526 -0.8767051 0.3316383 -0.2331539 -0.9141418 0.3316382 -0.2331742 -0.9141367 0.2392513 -0.2331733 -0.9425439 0.2392516 -0.2331834 -0.9425414 0.1445026 -0.2331832 -0.9616364 0.1445028 -0.2331865 -0.9616357 0.04832667 -0.2331865 -0.9712305 0.04832649 -0.2331841 -0.9712311 0.9157435 -0.3823479 -0.1233854 0.9000459 -0.3822719 -0.2092502 0.9000383 -0.3822917 -0.2092468 0.8748196 -0.3822914 -0.2975633 0.8748206 -0.3822888 -0.2975639 0.8409602 -0.3822886 -0.3829379 0.8409584 -0.3822938 -0.3829365 0.7987906 -0.3822926 -0.4645276 0.7987972 -0.3822715 -0.4645336 0.748738 -0.3822726 -0.541534 0.7487339 -0.382287 -0.5415295 0.6912766 -0.3822868 -0.6131831 0.6912788 -0.3822783 -0.613186 0.6269924 -0.3822783 -0.6787812 0.6269912 -0.3822837 -0.6787793 0.5565121 -0.3822842 -0.7376673 0.5565146 -0.38227 -0.7376728 0.4805365 -0.3822702 -0.7892745 0.480535 -0.3822808 -0.7892702 0.3998088 -0.3822807 -0.8330753 0.3998082 -0.3822868 -0.8330728 0.3151345 -0.382287 -0.8686466 0.3151353 -0.3822736 -0.8686522 0.2273468 -0.3822759 -0.8956442 0.2273468 -0.3822729 -0.8956455 0.1373135 -0.3822741 -0.9137896 0.1373133 -0.3822656 -0.9137932 0.04592192 -0.3822655 -0.9229107 0.04592227 -0.3822706 -0.9229087 0.8452116 -0.5221152 -0.114075 0.8307747 -0.5220234 -0.1931449 0.8307781 -0.5220174 -0.1931463 0.8075005 -0.5220173 -0.2746652 0.8075005 -0.5220172 -0.2746652 0.7762455 -0.5220175 -0.3534696 0.7762451 -0.5220181 -0.3534694 0.7373213 -0.5220187 -0.4287818 0.7373171 -0.5220275 -0.4287784 0.6911106 -0.5220276 -0.4998534 0.6911138 -0.5220202 -0.4998566 0.6380786 -0.5220194 -0.565996 0.6380748 -0.5220291 -0.5659914 0.5787362 -0.5220286 -0.6265386 0.5787373 -0.5220252 -0.6265404 0.5136826 -0.5220246 -0.6808969 0.5136806 -0.5220311 -0.6808934 0.4435501 -0.5220308 -0.728524 0.4435513 -0.522026 -0.7285268 0.3690393 -0.5220266 -0.7689591 0.3690413 -0.5220159 -0.7689656 0.290883 -0.5220149 -0.8018027 0.2908812 -0.5220291 -0.8017941 0.2098493 -0.5220283 -0.8267102 0.2098496 -0.5220236 -0.8267132 0.1267448 -0.5220227 -0.8434619 0.1267448 -0.5220303 -0.8434573 0.04238748 -0.5220309 -0.8518727 0.0423873 -0.5220283 -0.8518744 0.7538285 -0.6490872 -0.1021196 0.7410361 -0.6489872 -0.172282 0.7410349 -0.6489887 -0.1722815 0.7202709 -0.6489894 -0.2449951 0.7202686 -0.6489924 -0.2449939 0.6923909 -0.6489921 -0.3152844 0.6923992 -0.6489807 -0.3152894 0.6576796 -0.6489812 -0.382467 0.6576799 -0.6489807 -0.3824672 0.6164641 -0.6489807 -0.4458656 0.6164591 -0.6489887 -0.4458609 0.5691513 -0.6489895 -0.5048558 0.5691494 -0.6489928 -0.5048537 0.5162211 -0.6489925 -0.5588601 0.5162202 -0.6489942 -0.5588589 0.4581927 -0.6489943 -0.6073432 0.4581944 -0.6489902 -0.6073464 0.3956396 -0.6489905 -0.6498312 0.3956403 -0.6489885 -0.6498329 0.3291766 -0.6489887 -0.6858984 0.3291763 -0.6489897 -0.6858975 0.2594593 -0.6489911 -0.7151863 0.2594585 -0.6489951 -0.7151829 0.1871812 -0.6489945 -0.7374071 0.1871815 -0.6489917 -0.7374096 0.1130531 -0.6489924 -0.7523483 0.1130531 -0.6489947 -0.7523462 0.03780966 -0.6489947 -0.7598527 0.03780913 -0.648986 -0.7598603 0.643889 -0.7600926 -0.08755654 0.633039 -0.7600007 -0.1471755 0.6330252 -0.760013 -0.1471707 0.6152895 -0.7600124 -0.2092846 0.615304 -0.7599987 -0.2092913 0.5914885 -0.7599989 -0.2693383 0.5914852 -0.7600021 -0.2693364 0.5618256 -0.760002 -0.3267247 0.5618212 -0.7600065 -0.3267215 0.5266124 -0.7600066 -0.3808799 0.5266083 -0.7600112 -0.3808762 0.4861978 -0.7600107 -0.431272 0.4862042 -0.7600025 -0.431279 0.4409906 -0.7600024 -0.4774135 0.4409994 -0.7599899 -0.4774252 0.3914257 -0.7599908 -0.5188447 0.3914189 -0.760002 -0.5188333 0.3379809 -0.7600014 -0.5551276 0.3379812 -0.760001 -0.5551283 0.2812033 -0.7600007 -0.5859382 0.2812023 -0.7600033 -0.5859353 0.2216472 -0.760003 -0.6109565 0.2216494 -0.7599955 -0.6109652 0.1599035 -0.7599964 -0.6299495 0.1599022 -0.7600042 -0.6299404 0.09657788 -0.7600039 -0.6427028 0.09657829 -0.7599968 -0.6427111 0.03229969 -0.7599966 -0.649124 0.03229981 -0.7599981 -0.6491222 0.5179379 -0.8524389 -0.07133191 0.5093786 -0.8523548 -0.1184258 0.5093773 -0.8523557 -0.1184253 0.4951056 -0.8523557 -0.1684051 0.4951063 -0.8523551 -0.1684055 0.4759425 -0.8523552 -0.2167243 0.4759365 -0.8523594 -0.2167209 0.4520717 -0.8523592 -0.2628973 0.452079 -0.8523537 -0.2629025 0.4237477 -0.8523537 -0.3064818 0.4237456 -0.8523554 -0.30648 0.3912284 -0.8523553 -0.3470314 0.3912282 -0.8523554 -0.3470312 0.3548457 -0.8523554 -0.3841547 0.354841 -0.8523602 -0.3841485 0.314953 -0.8523598 -0.4174773 0.3149559 -0.8523564 -0.417482 0.2719572 -0.8523567 -0.4466848 0.2719573 -0.8523565 -0.4466851 0.226271 -0.8523565 -0.4714761 0.2262718 -0.8523551 -0.4714783 0.1783501 -0.852355 -0.4916119 0.1783492 -0.8523572 -0.4916083 0.1286656 -0.8523573 -0.5068849 0.1286661 -0.8523554 -0.5068879 0.07771223 -0.8523553 -0.517157 0.07771223 -0.8523557 -0.5171562 0.02598923 -0.8523551 -0.5223173 0.02598953 -0.8523598 -0.5223096 0.3792999 -0.9237667 -0.05278891 0.373141 -0.9237099 -0.08675134 0.3731458 -0.9237079 -0.08675289 0.3626905 -0.9237079 -0.1233667 0.3626779 -0.9237136 -0.1233612 0.3486406 -0.9237135 -0.1587555 0.3486484 -0.9237097 -0.15876 0.331166 -0.9237098 -0.192586 0.3311657 -0.9237099 -0.1925857 0.3104119 -0.9237099 -0.2245093 0.3104173 -0.923707 -0.224514 0.2865964 -0.9237071 -0.2542197 0.286596 -0.9237074 -0.2542193 0.2599434 -0.9237076 -0.2814138 0.2599433 -0.9237077 -0.2814137 0.2307225 -0.9237079 -0.3058282 0.2307212 -0.9237089 -0.3058261 0.199222 -0.9237088 -0.3272194 0.19922 -0.9237108 -0.3272152 0.1657533 -0.9237105 -0.3453764 0.165754 -0.9237096 -0.3453783 0.1306492 -0.9237096 -0.3601267 0.1306495 -0.9237092 -0.3601278 0.09425407 -0.9237092 -0.3713186 0.09425413 -0.923709 -0.3713191 0.05692785 -0.923709 -0.3788415 0.05692791 -0.9237088 -0.378842 0.01903808 -0.923709 -0.3826215 0.01903814 -0.9237101 -0.3826188 0.2312184 -0.9723358 -0.03318417 0.2276448 -0.9723048 -0.05292516 0.2276434 -0.9723052 -0.05292469 0.2212651 -0.9723053 -0.07526135 0.2212701 -0.9723039 -0.07526355 0.2127055 -0.972304 -0.09685707 0.2127019 -0.9723049 -0.09685504 0.2020362 -0.972305 -0.1174919 0.2020367 -0.9723049 -0.1174922 0.1893751 -0.9723049 -0.1369681 0.1893733 -0.9723055 -0.1369666 0.1748412 -0.9723055 -0.1550891 0.1748431 -0.9723048 -0.1550911 0.1585833 -0.9723048 -0.171682 0.1585822 -0.9723053 -0.1716805 0.1407557 -0.9723052 -0.1865754 0.1407541 -0.972306 -0.186573 0.1215381 -0.9723059 -0.1996241 0.1215397 -0.9723051 -0.1996273 0.1011219 -0.9723051 -0.2107059 0.1011208 -0.9723059 -0.2107031 0.07970482 -0.9723058 -0.2197008 0.07970547 -0.9723052 -0.2197035 0.05750191 -0.9723051 -0.2265309 0.05750232 -0.9723045 -0.2265333 0.03473001 -0.9723046 -0.2311222 0.03472977 -0.9723055 -0.2311185 0.01161456 -0.9723055 -0.2334245 0.01161456 -0.9723052 -0.2334258 0.07750821 -0.9969151 -0.01236206 0.07652688 -0.9969087 -0.01779156 0.07652872 -0.9969086 -0.01779216 0.07438445 -0.9969086 -0.02530127 0.07438361 -0.9969087 -0.02530092 0.07150459 -0.9969087 -0.03256011 0.07150501 -0.9969086 -0.03256034 0.06791955 -0.9969086 -0.03949785 0.06791955 -0.9969086 -0.03949785 0.06366306 -0.9969087 -0.04604506 0.06366378 -0.9969086 -0.04604572 0.05877816 -0.9969086 -0.0521382 0.05877596 -0.9969088 -0.05213594 0.05331015 -0.9969089 -0.05771327 0.05331116 -0.9969087 -0.05771458 0.04731863 -0.9969087 -0.06272178 0.04732006 -0.9969085 -0.06272399 0.04085963 -0.9969086 -0.06711149 0.04085898 -0.9969086 -0.06711012 0.03399491 -0.9969086 -0.07083481 0.03399467 -0.9969087 -0.0708341 0.02679508 -0.9969086 -0.07385885 0.0267952 -0.9969086 -0.07385921 0.01933073 -0.9969086 -0.07615429 0.01933068 -0.9969087 -0.07615399 0.01167523 -0.9969087 -0.07769697 0.01167523 -0.9969087 -0.07769674 0.00390464 -0.9969087 -0.07847195 0.003904581 -0.9969086 -0.07847297 0 0.07845747 -0.9969175 0 0.07845747 -0.9969175 0 0.2334569 -0.9723672 0 0.2334569 -0.9723672 0 0.3826743 -0.9238833 0 0.3826743 -0.9238833 0 0.5224906 -0.852645 0 0.5224906 -0.852645 0 0.6494503 -0.760404 0 0.6494503 -0.760404 0 0.7603948 -0.649461 0 0.7603948 -0.649461 0 0.8526551 -0.5224742 0 0.8526551 -0.5224742 0 0.9238719 -0.382702 0 0.9238719 -0.382702 0 0.9723709 -0.2334416 0 0.9723709 -0.2334416 0 0.9969187 -0.07844138 0 0.9969187 -0.07844138 0.04969668 0 -0.9987644 0.04969668 0 -0.9987644 0.1235315 0 -0.9923407 0.1235315 0 -0.9923407 0.1726947 0 -0.9849755 0.1726947 0 -0.9849755 0.2451725 0 -0.9694795 0.2451725 0 -0.9694795 0.293021 0 -0.956106 0.293021 0 -0.956106 0.3410379 0 -0.9400495 0.3410379 0 -0.9400495 0.4089128 0 -0.9125735 0.4089128 0 -0.9125735 0.45376 0 -0.891124 0.45376 0 -0.891124 0.5185115 0 -0.8550706 0.5185115 0 -0.8550706 0.5603526 0 -0.8282542 0.5603526 0 -0.8282542 0.6022567 0 -0.7983026 0.6022567 0 -0.7983026 0.6583893 0 -0.7526776 0.6583893 0 -0.7526776 0.6949812 0 -0.7190279 0.6949812 0 -0.7190279 0.7463242 0 -0.6655826 0.7463242 0 -0.6655826 0.7784878 0 -0.6276597 0.7784878 0 -0.6276597 0.8102794 0 -0.5860437 0.8102794 0 -0.5860437 0.8500551 0 -0.5266939 0.8500551 0 -0.5266939 0.8751792 0 -0.4837989 0.8751792 0 -0.4837989 0.9086077 0 -0.4176505 0.9086077 0 -0.4176505 0.9282313 0 -0.3720036 0.9282313 0 -0.3720036 0.9467325 0 -0.3220214 0.9467325 0 -0.3220214 0.9670819 0 -0.2544654 0.9670819 0 -0.2544654 0.9785333 0 -0.2060886 0.9785333 0 -0.2060886 0.9911095 0 -0.133049 0.9911095 0 -0.133049 0 1 0 0 1 0 0 1 0 0 1 0 0 1 0 0 1 0 0 1 0 0 1 0 0 1 0 0 1 0 0 1 0 0 1 0 0 1 0 0 1 0 0 1 0 0 1 0 0 1 0 0 1 0 0 1 0 0 1 0 0 1 0 0 1 0 0 1 0 0 1 0 0 1 0 0 1 0 0 1 0 0 1 0 0 1 0 0 1 0 0.9641033 0.07842499 -0.2536816 0.9058133 0.07836806 -0.4163661 0.8474367 0.07842856 -0.5250716 0.7440297 0.07835477 -0.6635364 0.6563603 0.07844477 -0.7503582 0.5169171 0.07836163 -0.8524413 0.4076523 0.07845503 -0.9097606 0.2444183 0.07836943 -0.9664977 0.1231509 0.07843172 -0.9892837 0.9906696 0.02979075 -0.13299 0.9878445 0.07838469 -0.1342353 0.9853361 0.1077461 -0.1323016 0.963534 0.2332546 -0.1311277 0.9655 0.2250498 -0.1310045 0.9739778 0.1851071 -0.1307767 0.9155435 0.3823701 -0.1247923 0.9298593 0.3460546 -0.1249309 0.9537348 0.2719755 -0.1281383 0.8375832 0.534043 -0.1151194 0.8645542 0.4889031 -0.1162742 0.900203 0.4183025 -0.1210681 0.8173063 0.5646951 -0.1145851 0.8452513 0.5221032 -0.1138358 0.7714092 0.6278012 -0.1038919 0.7536661 0.6491099 -0.1031689 0.7202227 0.6869047 -0.09716624 0.6638028 0.7425265 -0.0895552 0.6437358 0.7601129 -0.08850198 0.6144522 0.7845283 -0.08344966 0.5423306 0.8370489 -0.07229554 0.5179507 0.8524433 -0.07118517 0.4635258 0.8838545 -0.06281065 0.3920035 0.9184289 -0.05311942 0.3793675 0.9237564 -0.0524823 0.3208066 0.9461403 -0.04360866 0.2315542 0.9723182 -0.03130179 0.2353158 0.9713857 -0.03219324 0.07781827 0.9969127 -0.01046228 0.07951366 0.9967746 -0.0108627 0.00390309 0.9969112 -0.07844078 0.003902912 0.9969112 -0.07843971 0.01161462 0.9723052 -0.2334258 0.01161444 0.9723055 -0.2334246 0.01903861 0.9237044 -0.3826327 0.01903897 0.9237033 -0.3826353 0.02598822 0.8523671 -0.5222978 0.02598935 0.8523623 -0.5223054 0.03229963 0.7599981 -0.6491222 0.03229987 0.7599966 -0.6491239 0.03781002 0.6489859 -0.7598603 0.03780877 0.6489948 -0.7598528 0.04238778 0.5220211 -0.8518787 0.04238742 0.5220237 -0.8518771 0.0459218 0.3822706 -0.9229087 0.04592233 0.3822655 -0.9229107 0.04832667 0.2331842 -0.971231 0.04832649 0.2331865 -0.9712305 0.04954367 0.07836115 -0.9956932 0.04954385 0.07835924 -0.9956934 0.01167041 0.9969112 -0.07766485 0.01167047 0.9969112 -0.07766509 0.03472948 0.9723056 -0.2311185 0.03473031 0.9723047 -0.2311221 0.05693 0.9237031 -0.3788557 0.05692988 0.9237033 -0.3788552 0.07771039 0.8523631 -0.5171446 0.07771056 0.8523625 -0.5171453 0.09657913 0.7599968 -0.642711 0.09657704 0.7600038 -0.6427029 0.1130529 0.6489946 -0.7523463 0.1130534 0.6489924 -0.7523482 0.1267448 0.5220231 -0.8434617 0.1267461 0.5220155 -0.8434662 0.137314 0.3822656 -0.9137932 0.1373128 0.3822741 -0.9137898 0.1445025 0.2331865 -0.9616356 0.1445029 0.2331832 -0.9616364 0.1446092 0.2301794 -0.9623438 0.1721627 0.07843798 -0.9819407 0.2921177 0.07846015 -0.9531586 0.2450501 0.0893417 -0.9653851 0.2392522 0.2331731 -0.9425437 0.2392507 0.2331833 -0.9425415 0.2273465 0.3822761 -0.8956442 0.2273471 0.3822729 -0.8956454 0.20985 0.5220209 -0.8267147 0.2098511 0.5220164 -0.8267173 0.1871809 0.6489945 -0.7374072 0.1871818 0.6489916 -0.7374095 0.1599044 0.7599963 -0.6299494 0.1599013 0.7600042 -0.6299407 0.1286624 0.8523646 -0.5068734 0.1286635 0.8523626 -0.5068764 0.09425747 0.9237034 -0.3713321 0.09425759 0.9237032 -0.3713324 0.05750173 0.9723052 -0.2265309 0.0575025 0.9723046 -0.2265332 0.01932281 0.9969112 -0.07612305 0.01932275 0.9969112 -0.0761227 0.02678424 0.9969112 -0.07382887 0.02678406 0.9969112 -0.07382857 0.07970571 0.9723052 -0.2197034 0.07970458 0.9723058 -0.2197009 0.1306542 0.9237034 -0.3601408 0.1306538 0.9237039 -0.3601398 0.1783448 0.8523645 -0.4915973 0.1783464 0.8523622 -0.4916007 0.2216503 0.7599954 -0.6109649 0.2216463 0.760003 -0.6109569 0.2594581 0.6489951 -0.7151831 0.2594597 0.6489912 -0.7151861 0.2908815 0.522022 -0.8017986 0.2908857 0.5220077 -0.8018064 0.3151364 0.3822736 -0.8686518 0.3151335 0.382287 -0.868647 0.3316367 0.2331741 -0.9141373 0.3316399 0.2331539 -0.9141412 0.3399902 0.07836478 -0.9371583 0.3399887 0.07837963 -0.9371576 0.03398066 0.9969112 -0.07080507 0.03398102 0.9969111 -0.07080572 0.1011206 0.9723059 -0.2107033 0.1011222 0.9723052 -0.2107058 0.1657602 0.9237039 -0.3453907 0.1657592 0.9237047 -0.345389 0.2262669 0.8523624 -0.4714676 0.2262657 0.8523637 -0.4714656 0.2812021 0.7600033 -0.5859355 0.2812036 0.7600008 -0.585938 0.3291762 0.6489899 -0.6858974 0.3291767 0.6489887 -0.6858983 0.3690441 0.5220088 -0.768969 0.3690403 0.5220194 -0.7689636 0.3998076 0.3822869 -0.833073 0.3998093 0.3822807 -0.8330751 0.420748 0.2331524 -0.8767046 0.4207454 0.2331672 -0.876702 0.4210906 0.2298146 -0.8774212 0.4523624 0.0784254 -0.8883793 0.5586243 0.07848066 -0.8256996 0.5174313 0.09991544 -0.8498716 0.5056996 0.2331671 -0.8306027 0.5056996 0.2331675 -0.8306027 0.4805374 0.38227 -0.7892741 0.4805342 0.3822808 -0.7892707 0.443552 0.5220238 -0.7285279 0.443554 0.5220187 -0.7285304 0.3956394 0.6489903 -0.6498315 0.3956405 0.6489885 -0.6498327 0.3379809 0.7600014 -0.5551278 0.3379812 0.7600008 -0.5551282 0.271951 0.8523639 -0.4466748 0.2719512 0.8523637 -0.446675 0.1992295 0.9237031 -0.3272311 0.1992267 0.9237051 -0.3272273 0.1215378 0.9723059 -0.1996242 0.12154 0.9723051 -0.1996271 0.040843 0.9969111 -0.06708389 0.04084211 0.9969112 -0.06708264 0.04730081 0.996911 -0.06269812 0.04729902 0.9969112 -0.06269615 0.1407539 0.972306 -0.1865731 0.1407558 0.9723052 -0.1865752 0.2307293 0.9237031 -0.3058372 0.230731 0.9237021 -0.3058391 0.3149493 0.8523637 -0.4174723 0.3149455 0.8523671 -0.4174683 0.3914177 0.7600023 -0.5188341 0.3914268 0.7599909 -0.5188438 0.4581949 0.64899 -0.6073462 0.4581923 0.6489944 -0.6073435 0.5136828 0.5220239 -0.6808972 0.5136857 0.5220174 -0.6809 0.5565156 0.38227 -0.737672 0.5565112 0.3822842 -0.7376681 0.5856556 0.2331658 -0.7762997 0.5856554 0.2331669 -0.7762995 0.6004025 0.07838565 -0.7958471 0.6004043 0.07836884 -0.7958474 0.05328941 0.9969112 -0.05769079 0.05328816 0.9969114 -0.05768966 0.158582 0.9723053 -0.1716806 0.1585834 0.9723048 -0.1716818 0.2599527 0.9237019 -0.2814239 0.2599528 0.9237018 -0.2814239 0.3548324 0.8523674 -0.3841403 0.3548383 0.8523626 -0.3841454 0.4410005 0.75999 -0.4774242 0.4409896 0.7600023 -0.4774146 0.5162199 0.6489945 -0.5588588 0.5162212 0.6489925 -0.55886 0.5787407 0.5220178 -0.6265434 0.578739 0.5220214 -0.626542 0.6269909 0.3822836 -0.6787795 0.6269928 0.3822783 -0.6787809 0.6598262 0.233168 -0.7143263 0.6598244 0.2331761 -0.7143253 0.6604885 0.229056 -0.7150443 0.6928413 0.07841366 -0.7168139 0.7760871 0.0784735 -0.6257242 0.7435563 0.1100466 -0.6595557 0.7274813 0.2331585 -0.6452968 0.7274771 0.2331769 -0.645295 0.6912762 0.3822865 -0.6131837 0.6912792 0.3822783 -0.6131854 0.6380823 0.5220125 -0.5659981 0.6380775 0.5220218 -0.565995 0.5691516 0.6489895 -0.5048556 0.5691493 0.6489928 -0.504854 0.486197 0.7600108 -0.4312726 0.486205 0.7600025 -0.4312783 0.3912197 0.8523625 -0.3470236 0.3912194 0.8523626 -0.3470234 0.2866068 0.9237014 -0.2542288 0.2866064 0.9237017 -0.2542285 0.1748411 0.9723055 -0.1550893 0.1748433 0.9723048 -0.1550909 0.05875414 0.9969112 -0.05211663 0.05875164 0.9969114 -0.05211472 0.06363773 0.9969112 -0.04602676 0.06363689 0.9969112 -0.04602622 0.1893731 0.9723055 -0.1369667 0.1893752 0.9723048 -0.136968 0.3104287 0.9237013 -0.2245215 0.3104228 0.9237041 -0.224518 0.4237358 0.8523627 -0.3064733 0.4237383 0.8523609 -0.3064747 0.5266079 0.7600113 -0.3808766 0.5266128 0.7600065 -0.3808794 0.6164587 0.6489887 -0.4458616 0.6164646 0.6489807 -0.4458649 0.6911178 0.5220132 -0.4998586 0.6911138 0.5220203 -0.4998565 0.7487332 0.382287 -0.5415305 0.7487387 0.3822726 -0.541533 0.7879477 0.233157 -0.5698913 0.7879398 0.23319 -0.569889 0.8077856 0.0783782 -0.5842427 0.8077885 0.07835102 -0.5842421 0.06789165 0.9969112 -0.03948163 0.06789165 0.9969112 -0.03948163 0.2020367 0.9723049 -0.1174921 0.2020362 0.972305 -0.1174919 0.3311777 0.9237042 -0.1925927 0.331178 0.923704 -0.1925929 0.4520693 0.8523609 -0.2628959 0.4520611 0.8523665 -0.2628921 0.5618211 0.7600065 -0.326722 0.5618259 0.760002 -0.3267242 0.6576799 0.6489807 -0.3824672 0.6576796 0.6489812 -0.382467 0.7373205 0.5220201 -0.4287813 0.7373256 0.5220115 -0.4287833 0.7987982 0.3822713 -0.464532 0.7987897 0.3822926 -0.4645292 0.8406201 0.2331914 -0.4888553 0.8406256 0.2331693 -0.4888564 0.8416991 0.2279284 -0.4894807 0.8724839 0.07842135 -0.4823089 0.9253699 0.07845854 -0.3708569 0.9035443 0.1196985 -0.4114364 0.8850001 0.2331783 -0.4029921 0.8850025 0.2331691 -0.4029923 0.8409603 0.3822887 -0.3829374 0.8409582 0.3822938 -0.382937 0.7762497 0.5220102 -0.3534714 0.7762492 0.5220108 -0.3534712 0.6923904 0.648992 -0.3152855 0.6923996 0.6489807 -0.3152884 0.5914887 0.7599989 -0.269338 0.5914849 0.7600021 -0.2693367 0.475932 0.8523623 -0.2167189 0.4759255 0.8523666 -0.2167166 0.3486528 0.9237077 -0.158762 0.3486614 0.9237039 -0.158765 0.2127056 0.9723041 -0.09685677 0.2127017 0.9723049 -0.09685534 0.0714752 0.9969112 -0.03254675 0.07147562 0.9969112 -0.03254693 0.07435309 0.9969112 -0.0252906 0.07435393 0.9969112 -0.02529084 0.2212703 0.9723039 -0.07526314 0.221265 0.9723052 -0.07526183 0.3626906 0.9237079 -0.1233668 0.3627039 0.9237022 -0.1233701 0.4950952 0.8523624 -0.1684016 0.4950944 0.8523629 -0.1684014 0.6153047 0.7599986 -0.2092897 0.615289 0.7600124 -0.2092862 0.7202685 0.6489924 -0.2449942 0.720271 0.6489894 -0.2449948 0.8075048 0.52201 -0.2746667 0.8075047 0.5220101 -0.2746667 0.8748207 0.3822888 -0.2975637 0.8748195 0.3822914 -0.2975636 0.9206339 0.2331784 -0.313147 0.9206377 0.2331632 -0.313147 0.9438207 0.0783627 -0.3210324 0.9438224 0.07834565 -0.3210316 0.07649737 0.9969112 -0.01778471 0.07649546 0.9969114 -0.01778441 0.2276433 0.9723052 -0.05292481 0.2276448 0.9723048 -0.05292499 0.3731593 0.9237021 -0.08675563 0.3731545 0.9237042 -0.08675491 0.5093657 0.8523629 -0.1184228 0.5093672 0.8523621 -0.118423 0.6330249 0.7600131 -0.1471722 0.6330393 0.7600007 -0.147174 0.7410349 0.6489888 -0.1722817 0.7410361 0.6489872 -0.1722818 0.8307827 0.5220101 -0.1931468 0.8307789 0.5220161 -0.1931465 0.9000379 0.3822917 -0.2092484 0.9000462 0.3822719 -0.2092486 0.947177 0.2331631 -0.2202059 0.9471703 0.2331898 -0.2202065 0.9487227 0.2264406 -0.2205675 0.9755194 0.07842642 -0.2054538 -0.9911095 0 -0.133049 -0.9911095 0 -0.133049 -0.9785333 0 -0.2060886 -0.9785333 0 -0.2060886 -0.9670819 0 -0.2544654 -0.9670819 0 -0.2544654 -0.946732 0 -0.3220225 -0.946732 0 -0.3220225 -0.9282436 0 -0.3719729 -0.9282436 0 -0.3719729 -0.9086077 0 -0.4176505 -0.9086077 0 -0.4176505 -0.8751792 0 -0.4837989 -0.8751792 0 -0.4837989 -0.8500551 0 -0.5266939 -0.8500551 0 -0.5266939 -0.8102788 0 -0.5860446 -0.8102788 0 -0.5860446 -0.7784761 0 -0.6276742 -0.7784761 0 -0.6276742 -0.7463249 0 -0.6655819 -0.7463249 0 -0.6655819 -0.6949812 0 -0.7190279 -0.6949812 0 -0.7190279 -0.6583893 0 -0.7526776 -0.6583893 0 -0.7526776 -0.602256 0 -0.798303 -0.602256 0 -0.798303 -0.5603692 0 -0.8282429 -0.5603692 0 -0.8282429 -0.5185121 0 -0.8550703 -0.5185121 0 -0.8550703 -0.4537589 0 -0.8911244 -0.4537589 0 -0.8911244 -0.4089138 0 -0.912573 -0.4089138 0 -0.912573 -0.3410371 0 -0.9400498 -0.3410371 0 -0.9400498 -0.293021 0 -0.956106 -0.293021 0 -0.956106 -0.2451729 0 -0.9694794 -0.2451729 0 -0.9694794 -0.1726943 0 -0.9849755 -0.1726943 0 -0.9849755 -0.1235318 0 -0.9923406 -0.1235318 0 -0.9923406 -0.04969662 0 -0.9987643 -0.04969662 0 -0.9987643 -0.1721622 0.07843798 -0.9819408 -0.2921178 0.07845538 -0.9531589 -0.4523611 0.07843273 -0.8883793 -0.5586413 0.0784716 -0.8256889 -0.6928412 0.07841366 -0.7168141 -0.872483 0.07843542 -0.4823084 -0.9755181 0.07844215 -0.2054536 -0.04271066 0.9990704 -0.005834758 -0.07746404 0.9969175 -0.01243948 -0.1206593 0.992558 -0.01643639 -0.1986314 0.9797007 -0.02705788 -0.231198 0.9723374 -0.0332778 -0.2505005 0.9674812 -0.03506898 -0.3792757 0.9237641 -0.05300801 -0.3579976 0.9324551 -0.04863309 -0.2839254 0.9580703 -0.03857058 -0.5735154 0.8155174 -0.07753336 -0.5545821 0.828712 -0.07533401 -0.5178868 0.8524505 -0.07156419 -0.4996929 0.8635522 -0.06771051 -0.4296174 0.9011325 -0.05821543 -0.635308 0.7674682 -0.08588671 -0.6438344 0.7601 -0.08789372 -0.6931776 0.7146744 -0.09351676 -0.7472575 0.6568434 -0.1008124 -0.7537677 0.649104 -0.102461 -0.7949432 0.5971587 -0.1070832 -0.844406 0.5235246 -0.1135808 -0.8452578 0.5220916 -0.1138409 -0.8830747 0.4539534 -0.118766 -0.9157692 0.3823581 -0.1231629 -0.9159928 0.3818289 -0.1231424 -0.9500721 0.2847377 -0.1276221 -0.9635702 0.2332221 -0.1309196 -0.9693903 0.2081831 -0.1301622 -0.9825307 0.1312589 -0.1319264 -0.9878604 0.07840019 -0.1341085 -0.9896895 0.0535112 -0.1328584 -0.0714752 0.9969112 -0.03254675 -0.07147562 0.9969112 -0.03254693 -0.2127025 0.9723048 -0.0968557 -0.2127018 0.972305 -0.09685528 -0.3486625 0.9237033 -0.158766 -0.3486612 0.923704 -0.1587653 -0.475926 0.8523665 -0.2167162 -0.4759258 0.8523666 -0.2167161 -0.5914885 0.7599989 -0.2693383 -0.5914915 0.7599959 -0.26934 -0.6923905 0.6489921 -0.3152852 -0.6923925 0.6489893 -0.3152865 -0.7762494 0.5220103 -0.3534713 -0.7762436 0.5220216 -0.3534676 -0.8409606 0.3822888 -0.3829369 -0.8409632 0.3822813 -0.3829388 -0.8850034 0.2331646 -0.4029928 -0.8850026 0.2331691 -0.402992 -0.05875331 0.9969112 -0.05211609 -0.05875253 0.9969114 -0.05211526 -0.1748411 0.9723055 -0.1550894 -0.174841 0.9723055 -0.1550893 -0.2866035 0.9237032 -0.2542259 -0.2866032 0.9237034 -0.2542256 -0.3912196 0.8523625 -0.3470235 -0.3912194 0.8523627 -0.3470234 -0.4862065 0.7600007 -0.4312797 -0.4862051 0.7600024 -0.4312781 -0.5691477 0.6489967 -0.5048506 -0.5691539 0.6489858 -0.5048577 -0.6380819 0.5220121 -0.565999 -0.6380816 0.522013 -0.5659985 -0.6912794 0.3822759 -0.6131867 -0.6912761 0.3822886 -0.6131824 -0.7274789 0.2331702 -0.6452953 -0.727478 0.2331768 -0.6452939 -0.9641033 0.07842499 -0.2536816 -0.9487216 0.2264466 -0.2205659 -0.9471733 0.2331779 -0.220206 -0.9471772 0.23316 -0.2202084 -0.9000432 0.3822782 -0.2092503 -0.9000404 0.3822854 -0.209249 -0.8307756 0.5220217 -0.1931457 -0.8307855 0.5220046 -0.1931496 -0.7410344 0.6489889 -0.1722834 -0.7410283 0.6489964 -0.1722812 -0.6330402 0.7599997 -0.147175 -0.6330392 0.7600007 -0.1471747 -0.509366 0.8523629 -0.118422 -0.5093672 0.8523621 -0.1184225 -0.3731539 0.9237045 -0.08675432 -0.3731545 0.9237041 -0.0867545 -0.2276434 0.9723053 -0.05292469 -0.2276414 0.9723057 -0.05292403 -0.07649731 0.9969112 -0.01778477 -0.07649791 0.9969111 -0.01778495 -0.07435393 0.9969112 -0.0252909 -0.07435309 0.9969112 -0.02529054 -0.2212651 0.9723053 -0.07526135 -0.2212669 0.9723047 -0.07526218 -0.3626984 0.9237045 -0.1233689 -0.3627009 0.9237033 -0.1233701 -0.4950941 0.8523628 -0.1684026 -0.4950885 0.8523666 -0.1684001 -0.6153036 0.7599994 -0.2092902 -0.6153043 0.7599987 -0.2092905 -0.7202712 0.6489894 -0.2449942 -0.720269 0.6489924 -0.2449931 -0.8074986 0.5220211 -0.2746635 -0.8075047 0.52201 -0.2746667 -0.8748246 0.3822786 -0.2975651 -0.874821 0.3822888 -0.2975628 -0.9206344 0.2331779 -0.3131459 -0.9206372 0.2331641 -0.313148 -0.9438216 0.07834547 -0.321034 -0.9438207 0.07836252 -0.3210324 -0.907289 0.07836943 -0.4131402 -0.9017225 0.122875 -0.4144856 -0.9253822 0.07845854 -0.3708262 -0.8474357 0.07844221 -0.525071 -0.8416964 0.2279416 -0.4894791 -0.8406239 0.2331778 -0.4888554 -0.8406252 0.2331694 -0.4888571 -0.7987934 0.3822836 -0.4645302 -0.7987944 0.3822807 -0.4645311 -0.7373257 0.52201 -0.4287846 -0.7373202 0.5220217 -0.42878 -0.6576746 0.6489886 -0.382463 -0.6576741 0.6489893 -0.3824627 -0.5618216 0.7600066 -0.3267208 -0.5618317 0.759996 -0.3267282 -0.4520688 0.852361 -0.2628965 -0.4520615 0.8523664 -0.2628914 -0.3311777 0.9237042 -0.1925927 -0.331178 0.923704 -0.1925929 -0.2020366 0.9723049 -0.1174922 -0.2020362 0.972305 -0.1174919 -0.06789165 0.9969112 -0.03948158 -0.06789165 0.9969112 -0.03948163 -0.06363689 0.9969112 -0.04602622 -0.06363683 0.9969112 -0.04602622 -0.1893751 0.9723049 -0.1369681 -0.1893733 0.9723055 -0.1369666 -0.3104233 0.923704 -0.2245175 -0.310425 0.9237032 -0.224519 -0.4237384 0.8523609 -0.3064745 -0.4237364 0.8523626 -0.3064727 -0.5266128 0.7600066 -0.3808793 -0.5266184 0.7600002 -0.3808843 -0.6164584 0.6489884 -0.4458624 -0.6164534 0.6489964 -0.4458577 -0.6911185 0.5220106 -0.4998602 -0.6911174 0.522013 -0.4998592 -0.7487342 0.3822841 -0.5415313 -0.7487365 0.3822758 -0.5415338 -0.7879425 0.2331779 -0.56989 -0.7879437 0.2331694 -0.5698918 -0.8077864 0.07836401 -0.5842433 -0.8077862 0.07837808 -0.5842418 -0.7458005 0.07834464 -0.6615465 -0.741645 0.1118111 -0.6614083 -0.7760755 0.0784735 -0.6257386 -0.6563603 0.07844483 -0.7503582 -0.6604886 0.2290559 -0.7150443 -0.6598258 0.2331677 -0.7143269 -0.6598249 0.2331761 -0.7143248 -0.6269913 0.3822835 -0.6787793 -0.6269903 0.3822877 -0.6787778 -0.5787443 0.5220099 -0.6265468 -0.5787431 0.5220134 -0.6265449 -0.516217 0.6490007 -0.5588544 -0.5162243 0.6489862 -0.5588645 -0.440999 0.7599899 -0.4774256 -0.4409902 0.7600024 -0.4774139 -0.3548327 0.8523674 -0.3841401 -0.3548374 0.8523626 -0.3841463 -0.2599498 0.9237035 -0.2814211 -0.2599499 0.9237034 -0.2814213 -0.1585837 0.9723047 -0.1716824 -0.1585817 0.9723054 -0.1716799 -0.05328935 0.9969112 -0.05769085 -0.05328881 0.9969112 -0.0576902 -0.04729914 0.9969112 -0.06269609 -0.04729974 0.9969111 -0.06269699 -0.1407571 0.9723047 -0.186577 -0.1407556 0.9723054 -0.1865746 -0.230729 0.9237036 -0.3058363 -0.2307295 0.9237031 -0.3058372 -0.314946 0.8523671 -0.417468 -0.3149465 0.8523663 -0.4174689 -0.3914262 0.7599907 -0.5188445 -0.3914219 0.759998 -0.5188372 -0.4581897 0.6490002 -0.6073393 -0.458194 0.6489903 -0.6073467 -0.5136873 0.5220103 -0.6809043 -0.5136854 0.5220168 -0.6809008 -0.5565115 0.3822843 -0.7376677 -0.5565125 0.3822783 -0.73767 -0.5856555 0.2331665 -0.7762997 -0.5856555 0.2331662 -0.7762996 -0.6004033 0.07836872 -0.7958482 -0.6004034 0.07837599 -0.7958474 -0.5169174 0.07837021 -0.8524404 -0.5174313 0.09991544 -0.8498716 -0.5056996 0.2331674 -0.8306027 -0.5056996 0.2331675 -0.8306027 -0.480535 0.3822807 -0.7892702 -0.4805355 0.3822774 -0.7892716 -0.4435541 0.5220187 -0.7285302 -0.4435544 0.5220175 -0.7285309 -0.3956381 0.6489933 -0.6498293 -0.3956391 0.6489905 -0.6498315 -0.3379807 0.760001 -0.5551284 -0.3379823 0.7599979 -0.5551317 -0.2719525 0.8523616 -0.4466785 -0.2719491 0.8523663 -0.4466716 -0.1992287 0.9237039 -0.3272296 -0.1992294 0.9237031 -0.3272312 -0.1215388 0.9723054 -0.1996256 -0.1215389 0.9723055 -0.1996258 -0.04084217 0.9969112 -0.06708264 -0.04084223 0.9969112 -0.06708276 -0.4076533 0.07845491 -0.9097602 -0.4210914 0.2298112 -0.8774217 -0.4207468 0.2331592 -0.8767035 -0.4207465 0.2331672 -0.8767014 -0.3998082 0.3822867 -0.8330728 -0.3998088 0.3822807 -0.8330752 -0.3690446 0.5220037 -0.7689723 -0.3690417 0.5220195 -0.7689629 -0.3291752 0.6489937 -0.6858942 -0.3291755 0.6489927 -0.685895 -0.2812026 0.7600035 -0.5859351 -0.2812036 0.7600008 -0.5859379 -0.2262669 0.8523624 -0.4714675 -0.2262672 0.8523618 -0.4714684 -0.1657601 0.9237039 -0.3453909 -0.1657602 0.9237037 -0.3453912 -0.1011207 0.972306 -0.2107031 -0.1011212 0.9723055 -0.2107046 -0.03398072 0.9969112 -0.07080507 -0.03398096 0.9969112 -0.07080578 -0.02678412 0.9969112 -0.07382857 -0.02678418 0.9969112 -0.07382887 -0.07970476 0.9723058 -0.2197008 -0.07970547 0.9723052 -0.2197035 -0.1306539 0.9237039 -0.3601398 -0.1306542 0.9237034 -0.3601408 -0.178346 0.8523623 -0.4916007 -0.1783452 0.8523645 -0.4915972 -0.2216472 0.760003 -0.6109565 -0.2216494 0.7599955 -0.6109652 -0.2594583 0.6489945 -0.7151836 -0.2594582 0.6489952 -0.715183 -0.290885 0.5220035 -0.8018094 -0.2908828 0.522022 -0.8017982 -0.3151345 0.382287 -0.8686466 -0.3151351 0.3822783 -0.8686502 -0.3316383 0.2331589 -0.9141405 -0.3316383 0.233169 -0.914138 -0.3399894 0.07837957 -0.9371573 -0.3399885 0.0783593 -0.9371594 -0.2444188 0.07836955 -0.9664976 -0.2450504 0.0893377 -0.9653854 -0.2392517 0.2331836 -0.9425413 -0.2392514 0.2331696 -0.9425448 -0.2273464 0.3822763 -0.8956442 -0.2273463 0.3822793 -0.8956429 -0.2098505 0.5220165 -0.8267173 -0.2098503 0.5220211 -0.8267145 -0.1871814 0.6489917 -0.7374095 -0.1871811 0.6489946 -0.7374072 -0.1599023 0.7600034 -0.6299414 -0.1599035 0.7599964 -0.6299495 -0.1286634 0.852362 -0.5068774 -0.1286628 0.8523645 -0.5068734 -0.09425729 0.9237039 -0.3713311 -0.09425741 0.9237034 -0.3713321 -0.05750215 0.9723047 -0.2265328 -0.05750185 0.9723051 -0.2265309 -0.01932281 0.9969112 -0.07612305 -0.01932281 0.9969112 -0.07612305 -0.1231512 0.07843267 -0.9892836 -0.1446092 0.2301778 -0.9623442 -0.1445026 0.2331865 -0.9616356 -0.1445025 0.2331831 -0.9616364 -0.1373132 0.3822656 -0.9137932 -0.1373135 0.3822762 -0.9137888 -0.1267454 0.5220239 -0.843461 -0.1267454 0.5220155 -0.8434663 -0.1130531 0.6489947 -0.7523462 -0.1130532 0.6489924 -0.7523482 -0.09657829 0.7599969 -0.6427111 -0.09657794 0.7600034 -0.6427034 -0.07771062 0.852362 -0.5171461 -0.07771062 0.8523622 -0.5171459 -0.05692988 0.9237034 -0.3788549 -0.05692982 0.9237037 -0.3788543 -0.03472977 0.9723055 -0.2311185 -0.03473001 0.9723047 -0.231122 -0.01167047 0.9969112 -0.07766485 -0.01167047 0.9969112 -0.07766526 -0.003903031 0.9969112 -0.07843971 -0.003902971 0.9969112 -0.07844078 -0.01161456 0.9723055 -0.2334245 -0.01161456 0.9723052 -0.2334258 -0.01903873 0.9237034 -0.3826351 -0.01903879 0.9237044 -0.3826326 -0.02598863 0.852362 -0.522306 -0.02598899 0.8523671 -0.5222977 -0.03229975 0.7599965 -0.649124 -0.03229981 0.7599982 -0.6491222 -0.03780972 0.6489948 -0.7598527 -0.03780913 0.6489859 -0.7598603 -0.04238772 0.522024 -0.8518769 -0.04238754 0.5220211 -0.8518787 -0.04592192 0.3822655 -0.9229107 -0.04592227 0.3822706 -0.9229087 -0.04832667 0.2331865 -0.9712305 -0.04832649 0.2331841 -0.9712311 -0.04954367 0.07835966 -0.9956934 -0.04954379 0.07836115 -0.9956932 0.9238381 0 0.3827834 0.923838 0 0.3827837 0.9024104 0 0.4308775 0.9024093 0 0.4308799 0.8876067 0 0.4606023 0.8876059 0 0.4606038 0.8650139 0 0.5017479 0.8650107 0 0.5017532 0.8448388 0 0.5350209 0.8448365 0 0.5350246 0.8266101 0 0.5627751 0.8266085 0 0.5627775 0.7958436 -1.5881e-7 0.6055022 0.7958394 0 0.6055077 0.775304 0 0.6315882 0.7753001 0 0.6315931 0.7486065 -1.82608e-7 0.6630147 0.7485979 2.0983e-7 0.6630243 0.7182837 0 0.6957504 0.7182779 0 0.6957564 0.6920953 0 0.7218061 0.6920913 1.32563e-7 0.7218101 0.653144 -1.86472e-7 0.7572337 0.6531383 0 0.7572386 0.6247305 0 0.7808404 0.6247231 0 0.7808464 0.5875572 -1.70195e-7 0.8091827 0.5875498 1.43698e-7 0.8091881 0.5523554 0 0.8336088 0.5523455 0 0.8336153 0.5211834 0 0.8534447 0.5211799 0 0.8534469 0.4755385 0 0.8796949 0.4755337 0 0.8796976 -0.3952782 0 0.9185615 -0.3606129 0 0.9327156 -0.3263925 1.34723e-5 0.9452344 -0.3260154 0 0.9453644 -0.2757989 0 0.9612154 -0.275803 0 0.9612142 -0.2401095 0 0.9707458 -0.240113 0 0.9707449 -0.1886832 0 0.982038 -0.188684 0 0.9820379 -0.1522759 0 0.9883381 -0.1522759 0 0.9883379 -0.1106027 0 0.9938647 -0.1106043 0 0.9938645 -0.06322729 0 0.9979991 -0.06322973 0 0.9979991 -0.02632814 0 0.9996533 -0.02632814 0 0.9996533 0.02632814 0 0.9996533 0.02632814 0 0.9996533 0.06322729 0 0.9979991 0.06322973 0 0.9979991 0.1106027 0 0.9938647 0.1106044 0 0.9938645 0.1522759 0 0.9883381 0.152275 0 0.9883381 0.1886833 0 0.982038 0.1886838 0 0.9820379 0.2401095 0 0.9707458 0.2401138 0 0.9707448 0.2757983 0 0.9612156 0.2758025 0 0.9612143 0.3263925 0 0.9452343 0.3260157 1.36099e-5 0.9453644 0.3952783 -1.38584e-5 0.9185613 0.3606126 0.001272082 0.9327148 0.4427195 -0.001774668 0.8966584 0.3952851 7.35736e-4 0.9185582 0.4427225 0 0.8966587 -0.9238377 0 0.3827845 -0.9238381 0 0.3827834 -0.9024086 0 0.4308813 -0.9024091 0 0.4308803 -0.8876068 0 0.4606018 -0.8876086 0 0.4605985 -0.8650104 0 0.501754 -0.8650135 1.32897e-7 0.5017486 -0.8448365 0 0.5350246 -0.8448362 0 0.535025 -0.826609 0 0.5627766 -0.8266107 0 0.5627742 -0.7958396 -1.58841e-7 0.6055077 -0.7958436 0 0.6055022 -0.7753001 0 0.6315931 -0.775304 0 0.6315882 -0.7485979 -1.8268e-7 0.6630243 -0.7486064 2.09838e-7 0.6630147 -0.7182779 0 0.6957564 -0.7182837 0 0.6957504 -0.6920913 0 0.7218101 -0.6920959 1.53397e-7 0.7218055 -0.6531383 -1.66584e-7 0.7572386 -0.6531434 0 0.7572343 -0.6247231 0 0.7808464 -0.6247305 0 0.7808404 -0.5875497 -1.70246e-7 0.8091881 -0.5875572 1.45492e-7 0.8091826 -0.5523481 0 0.8336136 -0.552358 0 0.8336071 -0.5211796 0 0.853447 -0.5211827 0 0.8534452 -0.475534 -1.23267e-7 0.8796974 -0.4755394 0 0.8796944 -0.4427198 0 0.89666 -0.4427221 0 0.8966589 -0.3952854 -1.54853e-7 0.9185584 0 0 -1 0 0 -1 0 0 -1 0 0 -1 0 0 -1 0 0 -1 0 0 -1 0 0 -1 0 0 -1 0 0 -1 0 0 -1 0 0 -1 0 0 -1 0 0 -1 0 0 -1 0 0 -1 0 0 -1 0 0 -1 0 0 -1 0 0 -1 0 0 -1 0 0 -1 0 0 -1 0 0 -1 0 0 -1 0 0 -1 0 0 -1 0 0 -1 0 0 -1 0 0 -1 0 0 -1 0 0 -1 0 0 -1 0 0 -1 0 0 -1 0 0 -1 0 0 -1 0 -1 0 0 -1 0 0 -1 0 0 -1 0 0 -1 0 0 -1 0 0 -1 0 0 -1 0 0 -1 0 0 -1 0 0 -1 0 0 -1 0 0 -1 0 0 -1 0 0 -1 0 0 -1 0 0 -1 0 0 -1 0 0 -1 0 0 -1 0 0 -1 0 0 -1 0 0 -1 0 0 -1 0 0 -1 0 0 -1 0 0 -1 0 0 -1 0 0 -1 0 0 -1 0 0 -1 0 0 -1 0 0 -1 0 0 -1 0 0 -1 0 0 -1 0 0 -1 0 0 -1 0 0 -1 0 0 -1 0 0 -1 0 0 -1 0 0 -1 0 0 1 0 0 1 0 0 1 0 0 1 0 0 1 0 0 1 0 0 1 0 0 1 0 0 1 0 0 1 0 0 1 0 0 1 0 0 1 0 0 1 0 0 1 0 0 1 0 0 1 0 0 1 0 0 1 0 0 1 0 0 1 0 0 1 0 0 1 0 0 1 0 0 1 0 0 1 0 0 1 0 0 1 0 0 1 0 0 1 0 0 1 0 0 1 0 0 1 0 0 1 0 0 1 0 0 1 0 0 1 0 0 1 0 0 1 0 0 1 0 0 1 0 0 1 0 0 1 0 0.7729145 -0.07845228 0.6296416 0.8240653 -0.07840847 0.5610424 0.8848727 -0.07842642 0.4591836 0.9209952 -0.07839047 0.3816055 0.9209931 -0.07841283 0.381606 0.8983354 -0.2333396 0.372218 0.8983427 -0.2333096 0.372219 0.8535844 -0.3825028 0.3536738 0.8535847 -0.3825023 0.3536739 0.7878203 -0.5222889 0.3264251 0.7878259 -0.5222796 0.3264267 0.7026447 -0.649255 0.2911329 0.7026414 -0.649259 0.2911318 0.6002011 -0.7602063 0.2486867 0.6001979 -0.7602092 0.2486857 0.4828873 -0.8525187 0.2000793 0.482878 -0.8525246 0.2000762 0.353706 -0.9238039 0.146555 0.3537132 -0.9238008 0.1465574 0.2157751 -0.9723415 0.08940416 0.2157726 -0.9723421 0.08940327 0.07253617 -0.9969128 0.03005462 0.07253694 -0.9969128 0.03005492 0.8996298 -0.07844167 0.4295498 0.8773149 -0.2052637 0.4338033 0.8716638 -0.2333095 0.431009 0.8716563 -0.2333405 0.4310075 0.8282341 -0.3825023 0.4095366 0.8282403 -0.3824868 0.4095385 0.7644289 -0.522279 0.3779857 0.7644234 -0.5222885 0.3779838 0.6817737 -0.6492592 0.337116 0.6817785 -0.6492531 0.3371179 0.5823726 -0.7602096 0.2879648 0.5823554 -0.7602252 0.287958 0.4685372 -0.8525245 0.2316781 0.4685602 -0.8525093 0.2316875 0.3432086 -0.9238009 0.1697052 0.3432004 -0.9238045 0.1697019 0.2093645 -0.9723422 0.1035242 0.2093667 -0.9723415 0.1035251 0.07038271 -0.9969128 0.03480195 0.07038193 -0.9969129 0.03480166 0.862352 -0.07839161 0.5002039 0.8623475 -0.07843708 0.5002045 0.8411339 -0.2333404 0.4878996 0.8411412 -0.2333098 0.4879016 0.7992383 -0.3824878 0.4635959 0.7992359 -0.3824939 0.463595 0.7376567 -0.522288 0.4278761 0.7376553 -0.5222904 0.4278755 0.6579051 -0.6492532 0.3816165 0.6579006 -0.6492589 0.3816145 0.5619643 -0.7602248 0.3259667 0.5619817 -0.7602083 0.3259751 0.4521529 -0.8525096 0.2622693 0.4521364 -0.8525208 0.2622613 0.3311828 -0.9238045 0.1921023 0.3311895 -0.9238014 0.1921055 0.2020357 -0.9723415 0.1171903 0.2020332 -0.9723421 0.117189 0.06791734 -0.9969128 0.03939533 0.06791806 -0.9969128 0.03939568 0.8422333 -0.07847857 0.5333708 0.8199429 -0.1537759 0.5514043 0.806912 -0.2333106 0.5426411 0.8069061 -0.2333353 0.542639 0.7667113 -0.3824942 0.5156083 0.7667073 -0.3825047 0.5156065 0.7076367 -0.52229 0.4758818 0.7076455 -0.5222739 0.4758864 0.6311286 -0.6492584 0.4244293 0.6311352 -0.6492496 0.4244328 0.539112 -0.7602087 0.3625481 0.5390979 -0.7602224 0.3625401 0.433737 -0.8525208 0.2916855 0.4337428 -0.8525167 0.2916889 0.3177121 -0.9238013 0.2136591 0.3177109 -0.9238019 0.2136583 0.1938118 -0.9723422 0.1303371 0.1938138 -0.9723416 0.1303382 0.06515407 -0.9969128 0.04381561 0.06515371 -0.9969128 0.04381537 0.7933932 -0.07841336 0.6036378 0.778748 -0.1749945 0.6024354 0.7691197 -0.2333351 0.594987 0.7691174 -0.2333455 0.594986 0.7308034 -0.3825047 0.5653464 0.7308065 -0.3824964 0.5653482 0.674507 -0.522274 0.5217951 0.6744986 -0.5222899 0.5217901 0.6015785 -0.6492499 0.4653793 0.6015763 -0.6492529 0.465378 0.5138522 -0.7602224 0.3975148 0.5138621 -0.7602123 0.3975212 0.4134309 -0.8525168 0.3198282 0.4134373 -0.8525121 0.3198325 0.3028331 -0.9238018 0.2342697 0.3028326 -0.923802 0.2342694 0.1847375 -0.9723417 0.1429117 0.1847337 -0.9723427 0.1429092 0.06210267 -0.9969128 0.04804235 0.06210368 -0.9969127 0.04804301 0.7463014 -0.07841265 0.6609733 0.7463008 -0.07841902 0.6609732 0.7279403 -0.2333443 0.6447119 0.7279449 -0.2333229 0.6447142 0.6916807 -0.3824965 0.6125963 0.6916815 -0.3824943 0.6125968 0.6383886 -0.5222892 0.5653972 0.6383938 -0.522279 0.5654008 0.5693703 -0.6492533 0.5042694 0.5693734 -0.6492487 0.5042717 0.4863514 -0.7602127 0.4307424 0.4863448 -0.7602196 0.4307374 0.3913027 -0.8525121 0.3465622 0.3912989 -0.852515 0.3465593 0.2866195 -0.9238021 0.2538485 0.2866157 -0.923804 0.2538456 0.1748436 -0.9723427 0.1548528 0.1748456 -0.9723421 0.1548544 0.05877876 -0.9969127 0.05205821 0.05877846 -0.9969128 0.05205798 -0.8996275 -0.0784561 0.4295521 -0.8422306 -0.07847851 0.5333749 -0.8147047 -0.1691138 0.5546683 -0.7463018 -0.07840687 0.6609736 -0.7463015 -0.07842433 0.6609718 -0.727945 -0.233323 0.6447142 -0.7279437 -0.2333328 0.6447122 -0.6916786 -0.3825049 0.6125935 -0.6916807 -0.3824967 0.6125962 -0.6383893 -0.5222877 0.5653979 -0.6383922 -0.5222805 0.5654012 -0.569377 -0.6492418 0.5042768 -0.5693702 -0.6492533 0.5042695 -0.4863449 -0.7602197 0.4307373 -0.4863465 -0.7602178 0.4307389 -0.391295 -0.8525184 0.3465554 -0.3913023 -0.8525121 0.3465628 -0.286619 -0.9238022 0.2538485 -0.2866162 -0.9238039 0.2538456 -0.1748455 -0.9723421 0.1548544 -0.1748457 -0.972342 0.1548545 -0.05877846 -0.9969128 0.05205798 -0.0587787 -0.9969127 0.05205821 -0.7729136 -0.07846474 0.6296409 -0.7787463 -0.1750038 0.602435 -0.7691196 -0.2333334 0.5949878 -0.7691194 -0.2333353 0.5949875 -0.7308062 -0.3824961 0.5653486 -0.7308038 -0.3825045 0.565346 -0.6745041 -0.5222802 0.5217928 -0.6745067 -0.5222741 0.5217955 -0.6015769 -0.6492529 0.4653773 -0.6015788 -0.6492497 0.4653791 -0.5138567 -0.7602178 0.3975176 -0.5138528 -0.7602223 0.3975141 -0.413437 -0.8525121 0.3198328 -0.4134313 -0.8525168 0.3198277 -0.3028292 -0.9238039 0.2342666 -0.302833 -0.9238018 0.23427 -0.184736 -0.972342 0.1429108 -0.1847352 -0.9723423 0.1429101 -0.06210368 -0.9969127 0.04804307 -0.06210345 -0.9969128 0.04804289 -0.7933932 -0.0784136 0.6036378 -0.827259 -0.07839494 0.5563243 -0.806907 -0.2333352 0.5426377 -0.8069111 -0.2333104 0.5426424 -0.7667078 -0.3825047 0.5156059 -0.7667074 -0.3825056 0.5156056 -0.7076452 -0.522274 0.4758867 -0.7076423 -0.5222803 0.4758841 -0.6311348 -0.6492497 0.4244334 -0.6311341 -0.6492508 0.4244329 -0.5390983 -0.7602224 0.3625395 -0.5391004 -0.7602202 0.3625411 -0.4337428 -0.8525167 0.2916889 -0.4337422 -0.8525171 0.2916885 -0.3177109 -0.9238019 0.2136582 -0.3177121 -0.9238013 0.2136592 -0.1938111 -0.9723423 0.1303366 -0.1938142 -0.9723414 0.130339 -0.06515455 -0.9969127 0.04381608 -0.06515324 -0.9969129 0.04381507 -0.8623484 -0.07843691 0.5002028 -0.862349 -0.07841962 0.5002044 -0.8411407 -0.2333099 0.4879025 -0.8411377 -0.233327 0.4878995 -0.7992318 -0.3825059 0.4635921 -0.799234 -0.3824994 0.4635939 -0.7376608 -0.5222802 0.4278784 -0.737662 -0.5222777 0.4278793 -0.6579067 -0.6492511 0.3816175 -0.6578994 -0.6492615 0.3816123 -0.5619695 -0.7602202 0.3259685 -0.5619766 -0.760213 0.3259733 -0.4521422 -0.8525169 0.2622641 -0.4521415 -0.8525173 0.2622637 -0.3311893 -0.9238014 0.1921056 -0.3311874 -0.9238024 0.1921043 -0.2020361 -0.9723414 0.1171905 -0.2020356 -0.9723415 0.1171901 -0.0679171 -0.9969128 0.03939509 -0.0679174 -0.9969129 0.03939533 -0.8848727 -0.07845509 0.4591788 -0.8773156 -0.205258 0.4338046 -0.8716598 -0.2333264 0.431008 -0.871663 -0.2333095 0.4310108 -0.8282353 -0.3824992 0.4095371 -0.8282299 -0.382515 0.4095333 -0.7644295 -0.5222778 0.377986 -0.7644343 -0.5222685 0.3779891 -0.6817718 -0.6492617 0.3371151 -0.6817799 -0.6492505 0.3371201 -0.5823683 -0.7602131 0.287964 -0.5823596 -0.7602217 0.2879588 -0.4685483 -0.8525173 0.2316825 -0.4685493 -0.8525166 0.2316831 -0.3432051 -0.9238023 0.1697043 -0.3432038 -0.9238029 0.1697036 -0.2093666 -0.9723415 0.1035253 -0.2093673 -0.9723414 0.1035257 -0.07038193 -0.9969128 0.03480166 -0.0703817 -0.9969128 0.03480154 -0.9209925 -0.07842791 0.3816043 -0.9209936 -0.07840579 0.3816062 -0.8983421 -0.2333095 0.3722208 -0.8983361 -0.2333399 0.3722162 -0.8535797 -0.3825151 0.3536719 -0.8535887 -0.38249 0.3536774 -0.7878313 -0.5222685 0.3264314 -0.7878203 -0.5222889 0.3264253 -0.7026482 -0.6492502 0.2911351 -0.7026445 -0.6492552 0.2911331 -0.6001845 -0.7602217 0.2486799 -0.6001874 -0.7602188 0.2486814 -0.4828907 -0.8525164 0.2000807 -0.4828935 -0.8525145 0.2000822 -0.3537082 -0.9238029 0.1465555 -0.3537108 -0.9238018 0.1465567 -0.2157756 -0.9723413 0.08940464 -0.2157719 -0.9723424 0.08940279 -0.07253587 -0.9969129 0.03005445 -0.07253617 -0.9969128 0.03005462 0.7933868 0.07844901 0.6036415 0.8996288 0.07844156 0.4295523 0.06512582 0.9969155 0.04379743 0.065126 0.9969154 0.04379755 0.193809 0.9723426 0.1303375 0.1938124 0.9723417 0.1303401 0.3177189 0.9237968 0.2136681 0.3177177 0.9237974 0.2136672 0.4337347 0.8525207 0.2916893 0.4337304 0.852524 0.291686 0.5391084 0.7602088 0.3625532 0.5391027 0.760215 0.3625487 0.6311254 0.6492583 0.4244343 0.6311311 0.6492497 0.4244389 0.7076368 0.5222827 0.4758895 0.7076413 0.5222734 0.4758933 0.766704 0.3825021 0.5156133 0.7667056 0.382497 0.5156148 0.8069061 0.2333101 0.5426499 0.806902 0.2333353 0.5426452 0.07250636 0.9969154 0.03004235 0.07250666 0.9969154 0.03004246 0.215775 0.9723415 0.0894044 0.2157726 0.9723422 0.08940321 0.3537188 0.9237982 0.1465598 0.3537258 0.9237951 0.1465633 0.4828762 0.8525258 0.2000757 0.4828793 0.8525238 0.2000772 0.6002006 0.7602062 0.2486884 0.6001842 0.7602218 0.24868 0.7026445 0.649255 0.2911334 0.7026573 0.6492381 0.2911401 0.787824 0.5222815 0.3264283 0.7878265 0.5222769 0.3264297 0.8535838 0.3825026 0.3536757 0.8535839 0.3825023 0.3536757 0.8983352 0.2333402 0.3722181 0.8983356 0.2333379 0.3722184 0.9209946 0.07839113 0.381607 0.9209935 0.07841283 0.381605 0.8848699 0.07845526 0.459184 0.8773083 0.2052854 0.4338065 0.8716605 0.2333127 0.4310139 0.8716561 0.233337 0.43101 0.8282297 0.3825115 0.4095368 0.8282328 0.3825026 0.4095391 0.7644259 0.5222814 0.3779882 0.7644282 0.522277 0.3779897 0.6817896 0.6492367 0.3371271 0.6817887 0.649238 0.3371265 0.5823516 0.7602284 0.2879574 0.5823583 0.7602217 0.2879615 0.4685483 0.8525165 0.2316853 0.4685381 0.8525238 0.2316793 0.3432123 0.9237987 0.1697091 0.34322 0.9237951 0.1697136 0.2093647 0.972342 0.1035255 0.209364 0.9723422 0.1035252 0.07035338 0.9969154 0.03478795 0.07035315 0.9969154 0.03478783 0.0678898 0.9969154 0.03937989 0.06788861 0.9969155 0.03937911 0.2020334 0.972342 0.1171904 0.2020311 0.9723426 0.1171889 0.3311941 0.9237987 0.1921104 0.3311978 0.9237968 0.192113 0.4521409 0.8525168 0.2622666 0.452136 0.8525204 0.2622633 0.5619597 0.7602282 0.325967 0.5619786 0.7602084 0.3259802 0.6579142 0.649237 0.3816283 0.6578989 0.649259 0.3816174 0.7376583 0.5222806 0.4278822 0.737657 0.5222833 0.4278812 0.7992273 0.3825116 0.4635953 0.7992308 0.382501 0.4635981 0.8411374 0.2333139 0.4879063 0.8411381 0.2333098 0.4879071 0.8623464 0.0784195 0.500209 0.8623458 0.07843708 0.5002074 0.8272515 0.07843071 0.5563304 0.8147088 0.1690687 0.5546759 0.8422308 0.07847851 0.5333744 0.7729111 0.07844221 0.6296469 0.7787354 0.1750432 0.6024376 0.7691121 0.2333456 0.5949929 0.7691136 0.2333352 0.5949949 0.7307978 0.382505 0.5653534 0.7308005 0.3824959 0.5653561 0.6745026 0.5222713 0.5218035 0.6745014 0.522274 0.5218024 0.6015759 0.6492474 0.4653862 0.6015745 0.6492497 0.4653849 0.5138479 0.7602231 0.3975186 0.5138545 0.7602155 0.3975247 0.4134169 0.8525248 0.3198248 0.413418 0.8525239 0.3198258 0.3028405 0.9237964 0.2342815 0.3028386 0.9237975 0.2342798 0.1847367 0.9723414 0.1429147 0.184736 0.9723416 0.1429141 0.06207698 0.9969154 0.04802352 0.06207609 0.9969154 0.04802274 0.05875325 0.9969154 0.05203711 0.05875164 0.9969155 0.05203551 0.1748459 0.9723414 0.1548586 0.1748476 0.9723408 0.1548603 0.2866266 0.9237962 0.2538615 0.2866265 0.9237963 0.2538614 0.391282 0.8525251 0.3465535 0.3912852 0.8525224 0.3465567 0.4863359 0.7602229 0.4307419 0.4863348 0.7602243 0.4307407 0.5693671 0.6492467 0.5042815 0.5693657 0.6492489 0.5042801 0.6383889 0.5222718 0.565413 0.6383857 0.5222797 0.5654093 0.6916699 0.382506 0.6126025 0.691673 0.3824944 0.6126062 0.7279325 0.2333443 0.6447207 0.7279353 0.233323 0.6447251 0.7462929 0.07840156 0.6609842 0.7462925 0.07841902 0.6609825 -0.8848719 0.07844072 0.4591826 -0.8240618 0.07844418 0.5610424 -0.7729104 0.07845461 0.6296463 -0.05875223 0.9969155 0.05203622 -0.05875331 0.9969154 0.05203706 -0.1748456 0.9723414 0.1548585 -0.1748436 0.972342 0.154857 -0.286623 0.9237981 0.2538587 -0.28663 0.9237945 0.2538641 -0.3912857 0.8525223 0.3465562 -0.3912779 0.8525283 0.3465502 -0.4863392 0.760219 0.4307449 -0.4863406 0.7602176 0.4307459 -0.5693657 0.6492489 0.5042802 -0.5693672 0.6492469 0.5042812 -0.6383892 0.522271 0.5654133 -0.6383887 0.522272 0.5654129 -0.6916698 0.3825049 0.6126033 -0.6916696 0.3825057 0.6126031 -0.7279362 0.2333232 0.6447241 -0.7279341 0.2333328 0.6447231 -0.7462924 0.07841902 0.6609827 -0.7462929 0.0784136 0.6609828 -0.06207704 0.9969154 0.04802352 -0.06207603 0.9969154 0.0480228 -0.1847345 0.9723421 0.1429129 -0.1847361 0.9723416 0.1429139 -0.3028446 0.9237945 0.2342841 -0.3028385 0.9237974 0.2342799 -0.4134123 0.8525284 0.3198214 -0.4134184 0.8525239 0.3198254 -0.5138528 0.7602177 0.3975227 -0.5138497 0.7602209 0.3975206 -0.6015757 0.6492474 0.4653866 -0.6015793 0.6492422 0.4653889 -0.6745026 0.5222717 0.5218032 -0.6745013 0.522274 0.5218025 -0.7307975 0.3825048 0.5653539 -0.7307968 0.3825069 0.5653535 -0.7691135 0.2333332 0.5949957 -0.7691159 0.2333231 0.5949968 -0.7787336 0.1750529 0.6024372 -0.7933868 0.07844901 0.6036416 -0.8422327 0.07845127 0.5333756 -0.8199448 0.1537179 0.5514175 -0.806904 0.233323 0.5426476 -0.806904 0.2333226 0.5426476 -0.7667043 0.382502 0.515613 -0.7667018 0.3825085 0.5156119 -0.7076415 0.522273 0.4758934 -0.7076413 0.5222734 0.4758933 -0.6311246 0.6492583 0.4244354 -0.631137 0.649242 0.4244421 -0.5391032 0.7602145 0.362549 -0.5390968 0.7602207 0.3625454 -0.43373 0.8525243 0.2916857 -0.4337305 0.8525241 0.291686 -0.3177193 0.9237967 0.2136678 -0.3177178 0.9237975 0.213667 -0.1938114 0.9723419 0.1303393 -0.1938125 0.9723416 0.1303399 -0.06512671 0.9969154 0.04379802 -0.065126 0.9969154 0.04379761 -0.06788957 0.9969154 0.03937971 -0.06788891 0.9969154 0.03937935 -0.2020336 0.9723418 0.1171908 -0.2020361 0.9723412 0.1171921 -0.3311979 0.9237968 0.1921131 -0.3311982 0.9237966 0.1921132 -0.4521303 0.8525243 0.2622605 -0.4521356 0.8525206 0.2622631 -0.5619737 0.7602143 0.3259751 -0.5619653 0.7602222 0.3259711 -0.6578986 0.649259 0.3816177 -0.6579031 0.6492533 0.3816198 -0.7376623 0.5222733 0.4278845 -0.7376639 0.5222704 0.4278852 -0.7992312 0.3825007 0.4635976 -0.7992271 0.3825113 0.463596 -0.8411354 0.2333234 0.4879052 -0.8411346 0.233327 0.487905 -0.8623471 0.07840949 0.5002094 -0.8623475 0.07840567 0.5002094 -0.07035237 0.9969155 0.03478741 -0.0703532 0.9969154 0.03478777 -0.2093678 0.9723411 0.1035268 -0.209367 0.9723413 0.1035265 -0.3432168 0.9237965 0.1697117 -0.3432155 0.9237972 0.1697111 -0.4685423 0.8525207 0.231682 -0.4685377 0.8525238 0.23168 -0.5823578 0.7602221 0.2879613 -0.5823583 0.7602217 0.2879614 -0.6817769 0.649253 0.3371214 -0.6817889 0.649238 0.337126 -0.764432 0.5222706 0.3779907 -0.7644222 0.5222876 0.3779873 -0.8282291 0.3825116 0.4095382 -0.8282327 0.3825026 0.4095392 -0.8716579 0.2333267 0.4310119 -0.8716587 0.2333233 0.431012 -0.8773127 0.2052637 0.4338077 -0.8996281 0.07844156 0.4295536 -0.07250666 0.9969154 0.03004246 -0.07250636 0.9969154 0.03004235 -0.2157756 0.9723413 0.08940464 -0.2157717 0.9723423 0.08940333 -0.3537209 0.9237971 0.1465615 -0.3537235 0.9237961 0.1465623 -0.4828794 0.8525238 0.200077 -0.4828826 0.8525217 0.2000781 -0.6001838 0.7602219 0.2486808 -0.6001872 0.7602188 0.2486819 -0.7026576 0.6492381 0.2911395 -0.7026436 0.6492552 0.2911353 -0.7878203 0.5222876 0.3264276 -0.7878238 0.5222816 0.3264285 -0.853584 0.3825021 0.3536758 -0.8535889 0.38249 0.3536769 -0.8983392 0.2333236 0.3722187 -0.8983352 0.2333399 0.3722182 -0.9209929 0.07841271 0.3816063 -0.9209937 0.07840579 0.3816061 -0.9782273 -0.07844859 0.1921383 -0.4917647 -0.8704131 -0.02341938 -0.07845586 -0.9969102 -0.003821551 -0.07862013 -0.9968973 -0.003845036 -0.3825544 -0.9237533 -0.01821768 -0.4221212 -0.9063973 -0.01605242 -0.3498966 -0.9366379 -0.01678115 -0.2333829 -0.9723205 -0.01119202 -0.2742762 -0.961607 -0.009192883 -0.1988035 -0.9799925 -0.0095824 -0.6932688 -0.7201668 -0.0271694 -0.6303428 -0.7757439 -0.02982282 -0.5222599 -0.8524284 -0.02470856 -0.5675956 -0.8230192 -0.0217874 -0.5394623 -0.8417037 -0.02270287 -0.6490665 -0.7600972 -0.03106576 -0.7598644 -0.6491251 -0.03525114 -0.7621848 -0.6463758 -0.03567451 -0.9229982 -0.3824045 -0.04290789 -0.9288389 -0.3681262 -0.04173111 -0.8996754 -0.4345519 -0.04181849 -0.8519043 -0.5221419 -0.04033267 -0.8576278 -0.512753 -0.03948587 -0.8109309 -0.5839096 -0.03795605 -0.9965218 -0.07841646 0.02819538 -0.9958524 -0.07838982 -0.04618537 -0.9977632 -0.05061972 -0.04366016 -0.9926965 -0.1117365 -0.04548335 -0.9891092 -0.1398434 -0.04589927 -0.9713714 -0.2332505 -0.04507589 -0.9751983 -0.2169792 -0.043684 -0.9550524 -0.2930933 -0.0443983 -0.9481534 -0.07836842 0.3079993 -0.9481527 -0.07838219 0.3079978 -0.9248488 -0.2332334 0.3004277 -0.9248539 -0.2332077 0.3004319 -0.8788205 -0.3823308 0.2854782 -0.8788172 -0.3823397 0.2854762 -0.8111569 -0.522105 0.2634974 -0.8111588 -0.5221016 0.2634983 -0.7235102 -0.649073 0.2350264 -0.723514 -0.6490681 0.2350282 -0.6180573 -0.7600632 0.2007713 -0.6180586 -0.760062 0.200772 -0.4973067 -0.8524018 0.1615465 -0.4972983 -0.8524073 0.1615428 -0.3642914 -0.923736 0.1183367 -0.3642953 -0.9237343 0.1183384 -0.2222359 -0.9723166 0.07219159 -0.2222388 -0.9723158 0.07219284 -0.07471084 -0.9969099 0.02426934 -0.07471024 -0.99691 0.02426904 -0.9684737 -0.07843071 0.2364472 -0.95616 -0.1967647 0.216891 -0.9483353 -0.2332065 0.2151161 -0.9483357 -0.2332046 0.2151163 -0.9011287 -0.3823406 0.2044081 -0.9011195 -0.3823648 0.2044037 -0.8317535 -0.5221017 0.1886692 -0.8317598 -0.5220904 0.1886718 -0.7418837 -0.6490676 0.1682848 -0.7418808 -0.6490712 0.1682838 -0.6337504 -0.7600623 0.1437561 -0.6337544 -0.7600587 0.1437575 -0.5099242 -0.8524072 0.1156685 -0.5099316 -0.8524025 0.115671 -0.3735443 -0.9237342 0.08473342 -0.3735313 -0.9237399 0.08472913 -0.2278816 -0.9723159 0.05169099 -0.2278846 -0.9723151 0.05169194 -0.07660698 -0.9969099 0.01737707 -0.07660704 -0.99691 0.01737707 -0.988247 -0.07837826 0.1312425 -0.9882471 -0.07837778 0.1312425 -0.9639643 -0.2332043 0.1280177 -0.9639591 -0.233227 0.1280149 -0.9159694 -0.3823654 0.1216419 -0.9159796 -0.3823398 0.1216456 -0.8454671 -0.5220902 0.1122813 -0.8454616 -0.5220997 0.1122796 -0.7541072 -0.6490707 0.1001475 -0.7541089 -0.6490687 0.100148 -0.6441983 -0.7600588 0.0855515 -0.6441974 -0.7600597 0.08555126 -0.5183356 -0.8524023 0.06883645 -0.5183236 -0.8524099 0.06883352 -0.379687 -0.9237399 0.05042254 -0.379698 -0.9237352 0.05042517 -0.2316399 -0.9723151 0.03076255 -0.2316385 -0.9723154 0.03076219 -0.07786953 -0.9969099 0.01034128 -0.07786941 -0.9969099 0.01034122 -0.9942045 -0.07845252 0.07350111 -0.9824484 -0.1821284 0.04030305 -0.9716053 -0.2332266 0.03985828 -0.971608 -0.2332152 0.03985935 -0.9232451 -0.3823401 0.03787535 -0.9232398 -0.3823529 0.03787392 -0.8521679 -0.5220995 0.03495836 -0.8521697 -0.5220964 0.03495872 -0.7600902 -0.6490691 0.03118133 -0.7600935 -0.6490651 0.03118193 -0.6493079 -0.7600591 0.02663707 -0.6493002 -0.7600656 0.02663588 -0.5224347 -0.85241 0.02143156 -0.5224508 -0.8524 0.02143388 -0.3827095 -0.9237353 0.01570087 -0.3827015 -0.9237387 0.0156998 -0.2334761 -0.9723154 0.009578049 -0.2334754 -0.9723156 0.009577929 -0.07848709 -0.9969099 0.003219783 -0.07848763 -0.9969099 0.003219842 -0.9510785 0 0.3089495 -0.9510785 0 0.3089495 -0.9714663 0 0.2371777 -0.9714663 0 0.2371777 -0.9812514 0 0.1927323 -0.9812514 0 0.1927323 -0.9912966 0 0.1316475 -0.9912966 0 0.1316475 -0.9972783 0 0.07372838 -0.9972783 0 0.07372838 -0.9996 0 0.02828246 -0.9996 0 0.02828246 -0.9989263 0 -0.04632788 -0.9989263 0 -0.04632788 -0.9942045 0.07845252 0.07350111 -0.9684737 0.07843077 0.2364472 -0.7989822 0.6001924 -0.03737103 -0.9974724 0.05393207 -0.04626047 -0.9959237 0.07839488 -0.04461121 -0.9901474 0.1322764 -0.04594749 -0.9767032 0.2097536 -0.04532337 -0.9714384 0.2332649 -0.04353225 -0.9569557 0.2868005 -0.04451042 -0.9230015 0.3824056 -0.04282778 -0.9221645 0.3844015 -0.04298985 -0.8519195 0.5221405 -0.04003202 -0.8492455 0.526525 -0.0394147 -0.8886051 0.4567986 -0.0414251 -0.7506502 0.6598253 -0.0339837 -0.7598502 0.6491149 -0.03574186 -0.6958556 0.7174355 -0.03273129 -0.649101 0.7601294 -0.0295155 -0.6373742 0.7699642 -0.03015458 -0.5750342 0.817677 -0.02720487 -0.5222643 0.8524545 -0.02369391 -0.5560258 0.8308692 -0.02217638 -0.3825845 0.9237701 -0.01667112 -0.4302569 0.9024739 -0.02048975 -0.5006999 0.8652925 -0.02384495 -0.198695 0.9800143 -0.0096035 -0.2506437 0.9680345 -0.009318768 -0.2333934 0.9723348 -0.009626924 -0.2841104 0.9586947 -0.0136283 -0.3583688 0.9334218 -0.01719039 -0.1206735 0.9926751 -0.005832493 -0.07843232 0.9969174 -0.001979172 -0.04271131 0.9990854 -0.00208044 -0.0746802 0.9969124 0.02425932 -0.07467955 0.9969124 0.02425915 -0.2222359 0.9723166 0.07219189 -0.222239 0.9723158 0.07219254 -0.3643044 0.9237303 0.1183414 -0.3643085 0.9237285 0.1183423 -0.4972957 0.852409 0.161542 -0.4972869 0.8524146 0.1615401 -0.6180572 0.7600632 0.2007715 -0.6180585 0.760062 0.2007718 -0.7235099 0.649073 0.2350268 -0.7235141 0.6490681 0.2350277 -0.811161 0.5220979 0.263499 -0.8111631 0.5220944 0.2634994 -0.8788208 0.3823305 0.2854774 -0.8788169 0.3823397 0.2854771 -0.9248482 0.2332331 0.3004299 -0.9248547 0.2332077 0.3004297 -0.9481538 0.07836848 0.3079981 -0.9481524 0.07838219 0.3079989 -0.9782273 0.07844859 0.1921383 -0.95616 0.1967647 0.216891 -0.9483357 0.2332046 0.2151162 -0.9483352 0.2332064 0.2151162 -0.9011189 0.3823648 0.2044059 -0.9011293 0.3823406 0.2044059 -0.8317645 0.5220833 0.1886717 -0.8317575 0.5220944 0.1886713 -0.7418807 0.6490712 0.1682841 -0.7418838 0.6490677 0.1682844 -0.6337545 0.7600587 0.143757 -0.6337504 0.7600623 0.1437566 -0.5099202 0.8524097 0.1156676 -0.5099126 0.8524144 0.1156667 -0.3735446 0.9237341 0.08473348 -0.3735582 0.9237284 0.08473521 -0.2278847 0.9723151 0.05169171 -0.2278814 0.9723158 0.05169123 -0.07657563 0.9969125 0.01736992 -0.07657551 0.9969124 0.01736992 -0.07783758 0.9969125 0.01033699 -0.07783746 0.9969125 0.01033699 -0.2316399 0.9723151 0.03076237 -0.2316385 0.9723155 0.03076231 -0.3797006 0.9237343 0.05042546 -0.3797119 0.9237294 0.05042588 -0.5183241 0.8524096 0.06883364 -0.5183116 0.8524171 0.06883329 -0.6441982 0.7600588 0.08555138 -0.6441974 0.7600596 0.08555138 -0.7541072 0.6490706 0.1001477 -0.7541089 0.6490687 0.1001477 -0.8454716 0.5220831 0.112281 -0.8454658 0.5220925 0.1122812 -0.9159691 0.3823655 0.1216443 -0.9159799 0.3823398 0.1216433 -0.9639646 0.2332043 0.1280157 -0.963959 0.233227 0.128017 -0.988247 0.07837831 0.1312425 -0.9882471 0.07837778 0.1312425 -0.07845485 0.9969124 0.003218531 -0.07845544 0.9969124 0.003218472 -0.2334761 0.9723154 0.009577929 -0.2334753 0.9723156 0.009577989 -0.3827233 0.9237296 0.01570069 -0.3827154 0.9237329 0.01570111 -0.5224228 0.8524172 0.02143275 -0.5224391 0.8524073 0.02143174 -0.6493079 0.7600591 0.02663618 -0.6493002 0.7600656 0.02663677 -0.7600901 0.6490692 0.03118181 -0.7600935 0.6490651 0.03118145 -0.8521723 0.5220922 0.03495883 -0.8521741 0.5220892 0.0349586 -0.9232452 0.3823401 0.03787416 -0.9232398 0.3823529 0.03787511 -0.9716052 0.2332266 0.03985923 -0.9716079 0.2332153 0.03985834 -0.9824484 0.1821284 0.04030305 -0.9965218 0.07841646 0.02819538 0.9684737 -0.07843077 0.2364472 0.9942055 -0.07843643 0.07350617 0.9958537 -0.07837373 -0.04618543 0.9958283 -0.07867938 -0.04621303 0.8910781 -0.4525517 -0.03430646 0.9249235 -0.3776758 -0.04332947 0.9713752 -0.2332835 -0.04482239 0.9719183 -0.2309641 -0.04506093 0.9865733 -0.1567705 -0.04578351 0.9229991 -0.3823889 -0.04302877 0.8519335 -0.5221419 -0.03971523 0.8525742 -0.5211015 -0.03963041 0.7598343 -0.6491337 -0.03573876 0.753971 -0.6559951 -0.03461575 0.8048245 -0.5923146 -0.037696 0.5222729 -0.8524564 -0.02343624 0.5643607 -0.8251023 -0.02651935 0.6490624 -0.760079 -0.03158968 0.6349191 -0.7720343 -0.02899873 0.6993694 -0.7140031 -0.03289449 0.3825686 -0.9237729 -0.0168755 0.4349558 -0.9002135 -0.02071225 0.5052546 -0.8626349 -0.02406036 0.2037895 -0.9789652 -0.009850025 0.260856 -0.9653342 -0.009162724 0.2333957 -0.9723321 -0.009833693 0.2891283 -0.9571899 -0.01386815 0.3632301 -0.9315366 -0.01742243 0.1258466 -0.992031 -0.006082713 0.07846421 -0.9969148 -0.002056062 0.04790264 -0.9988493 -0.002333223 0.9965232 -0.07840037 0.02819538 0.9824492 -0.1821241 0.04030448 0.9716005 -0.2332459 0.03985941 0.9716089 -0.2332113 0.03985667 0.9232456 -0.3823391 0.03787279 0.9232336 -0.3823678 0.03787493 0.8521769 -0.5220846 0.03495991 0.852175 -0.5220878 0.03496015 0.7600775 -0.6490839 0.03118187 0.7600821 -0.6490786 0.03118145 0.6493082 -0.7600588 0.02663707 0.6493159 -0.7600523 0.02663654 0.5224436 -0.8524044 0.02143192 0.5224419 -0.8524055 0.02143204 0.3827015 -0.9237387 0.01569944 0.3827096 -0.9237353 0.01569902 0.233479 -0.9723146 0.009577453 0.2334724 -0.9723162 0.00957781 0.07848763 -0.9969098 0.003219783 0.07848578 -0.99691 0.003219902 0.9882483 -0.07836174 0.1312426 0.9882483 -0.07836234 0.1312426 0.9639625 -0.2332118 0.1280174 0.9639606 -0.2332196 0.1280179 0.9159683 -0.3823672 0.1216443 0.9159749 -0.3823517 0.1216437 0.8454686 -0.5220881 0.1122803 0.8454673 -0.5220903 0.1122804 0.7541011 -0.649078 0.1001467 0.7540993 -0.6490799 0.1001467 0.6442053 -0.7600529 0.08555239 0.6442062 -0.7600521 0.08555245 0.5183305 -0.8524055 0.06883579 0.5183284 -0.8524067 0.06883573 0.379698 -0.9237352 0.05042511 0.3796923 -0.9237376 0.05042493 0.2316348 -0.9723163 0.03076219 0.2316399 -0.9723151 0.03076237 0.07786816 -0.99691 0.0103411 0.07786953 -0.9969099 0.01034116 0.97823 -0.07843279 0.1921311 0.9561585 -0.1967742 0.2168893 0.9483325 -0.2332195 0.2151141 0.9483321 -0.2332214 0.2151142 0.9011247 -0.3823512 0.2044059 0.9011293 -0.3823406 0.2044059 0.8317601 -0.5220905 0.1886707 0.8317532 -0.5221017 0.1886703 0.7418732 -0.6490803 0.1682824 0.741884 -0.6490676 0.1682834 0.6337623 -0.760052 0.1437579 0.6337582 -0.7600556 0.1437574 0.5099251 -0.8524067 0.1156679 0.5099174 -0.8524115 0.1156671 0.3735367 -0.9237376 0.0847311 0.3735391 -0.9237366 0.08473145 0.2278845 -0.9723151 0.051692 0.227885 -0.972315 0.05169206 0.07660704 -0.9969099 0.01737707 0.07660698 -0.9969099 0.01737707 0.9481515 -0.07838237 0.3080014 0.9481546 -0.07835322 0.3079998 0.924851 -0.2332224 0.3004298 0.9248481 -0.2332333 0.3004299 0.878817 -0.3823397 0.2854771 0.8788152 -0.3823437 0.2854769 0.8111585 -0.5221016 0.2634991 0.8111564 -0.5221052 0.2634987 0.7235137 -0.6490681 0.2350286 0.7235096 -0.6490731 0.2350279 0.6180656 -0.7600554 0.200775 0.6180717 -0.7600502 0.2007762 0.4972916 -0.8524115 0.1615417 0.4973005 -0.852406 0.1615436 0.3642902 -0.9237366 0.1183364 0.364286 -0.9237383 0.1183354 0.2222422 -0.972315 0.07219362 0.2222392 -0.9723158 0.07219296 0.07471024 -0.9969099 0.0242691 0.0747109 -0.9969099 0.02426928 0.9989263 0 -0.04632788 0.9989263 0 -0.04632788 0.9996 0 0.02828246 0.9996 0 0.02828246 0.997278 0 0.07373332 0.997278 0 0.07373332 0.9912966 0 0.1316475 0.9912966 0 0.1316475 0.9812529 0 0.1927248 0.9812529 0 0.1927248 0.9714663 0 0.2371777 0.9714663 0 0.2371777 0.9510776 0 0.308952 0.9510776 0 0.308952 0.97823 0.07843279 0.1921311 0.9965232 0.07840037 0.02819538 0.9607028 0.2739626 -0.04465878 0.8221159 0.5680182 -0.03847992 0.07842361 0.9969128 -0.003819882 0.07951772 0.9968255 -0.003976047 0.2333869 0.97232 -0.01114779 0.2354224 0.9718258 -0.01143896 0.5222167 0.8524113 -0.02616703 0.5435916 0.838995 -0.02440452 0.4643294 0.8853866 -0.02211123 0.3825683 0.9237476 -0.0182172 0.3924964 0.9195836 -0.0176807 0.3210741 0.9469292 -0.01537305 0.7598394 0.6491373 -0.03556424 0.7751567 0.630851 -0.03404289 0.7232282 0.6897709 -0.0340169 0.6490865 0.7601017 -0.03052878 0.6661966 0.7452042 -0.02920544 0.616348 0.7869484 -0.02876514 0.9230041 0.3823907 -0.04290556 0.9364478 0.3485065 -0.04010868 0.9060644 0.4210261 -0.04224061 0.8519377 0.5221347 -0.03971648 0.8698542 0.4919003 -0.03725337 0.8425701 0.5372227 -0.03830677 0.9729905 0.2267957 -0.04304867 0.9714381 0.2332971 -0.0433647 0.9813956 0.1865168 -0.04554271 0.9930183 0.1085861 -0.04608231 0.995932 0.07837927 -0.04445362 0.9984759 0.03002554 -0.04630702 0.9942055 0.07843643 0.07350617 0.9824492 0.1821241 0.04030448 0.9716088 0.2332112 0.03985977 0.9716007 0.2332459 0.03985637 0.9232338 0.3823677 0.03787225 0.9232456 0.3823391 0.03787547 0.8521795 0.5220805 0.03496003 0.8521813 0.5220775 0.03496038 0.7600821 0.6490786 0.03118205 0.7600775 0.6490839 0.03118127 0.6493158 0.7600523 0.02663737 0.6493083 0.7600588 0.02663618 0.5224301 0.8524127 0.02143132 0.5224319 0.8524117 0.02143162 0.3827234 0.9237296 0.01570034 0.3827154 0.9237329 0.01569926 0.2334724 0.9723163 0.009577214 0.233479 0.9723147 0.009578049 0.0784536 0.9969126 0.003218412 0.07845538 0.9969124 0.00321865 0.07783621 0.9969125 0.01033669 0.07783758 0.9969125 0.01033699 0.2316349 0.9723163 0.03076171 0.2316399 0.972315 0.03076285 0.3797118 0.9237295 0.05042749 0.3797062 0.9237318 0.05042618 0.5183188 0.8524128 0.06883442 0.5183168 0.8524139 0.06883394 0.6442053 0.7600528 0.08555233 0.6442062 0.7600522 0.08555251 0.7541011 0.649078 0.1001469 0.7540994 0.64908 0.1001465 0.845473 0.5220808 0.1122812 0.8454716 0.5220831 0.1122807 0.9159686 0.3823671 0.1216429 0.9159747 0.3823518 0.1216452 0.9639624 0.2332119 0.1280182 0.9639607 0.2332196 0.1280172 0.9882483 0.0783618 0.1312426 0.9882483 0.07836234 0.1312426 0.07657557 0.9969124 0.01736992 0.07657557 0.9969125 0.01736992 0.2278845 0.972315 0.05169194 0.227885 0.972315 0.05169206 0.3735501 0.9237318 0.08473396 0.3735526 0.9237308 0.08473473 0.5099135 0.852414 0.1156661 0.5099061 0.8524188 0.1156637 0.6337623 0.7600519 0.1437584 0.6337583 0.7600556 0.1437569 0.7418735 0.6490803 0.168281 0.7418836 0.6490676 0.1682848 0.8317642 0.5220832 0.1886728 0.8317578 0.5220944 0.1886702 0.901125 0.3823512 0.204405 0.901129 0.3823407 0.2044069 0.9483325 0.2332195 0.2151142 0.9483321 0.2332214 0.215114 0.9561584 0.1967742 0.2168893 0.9684737 0.07843077 0.2364472 0.07467961 0.9969124 0.02425909 0.0746802 0.9969124 0.02425938 0.2222422 0.972315 0.07219392 0.2222393 0.9723157 0.07219266 0.3643033 0.9237309 0.118341 0.3642994 0.9237325 0.1183393 0.4972807 0.8524187 0.1615371 0.497289 0.8524132 0.1615408 0.6180658 0.7600556 0.2007743 0.6180714 0.7600502 0.2007769 0.7235136 0.6490682 0.2350292 0.7235097 0.649073 0.2350273 0.8111626 0.5220944 0.2635008 0.8111607 0.522098 0.2634998 0.8788169 0.3823395 0.2854774 0.8788154 0.3823437 0.2854765 0.9248507 0.2332222 0.3004307 0.9248484 0.2332333 0.300429 0.9481524 0.07838249 0.3079991 0.9481537 0.07835322 0.3080021 0.05499243 -0.996912 0.05605679 0.1635823 -0.9723351 0.1667491 0.2681493 -0.923786 0.2733411 0.3660811 -0.8524847 0.3731681 0.454993 -0.7601775 0.4638012 0.5326573 -0.6491996 0.5429698 0.5972163 -0.5222287 0.6087775 0.6470564 -0.3824524 0.6595819 0.6809735 -0.2332941 0.6941534 0.7160696 -0.07845658 0.6936057 0.6320295 -0.2045962 0.7474484 0.6837254 -0.2162595 0.6969587 0.689965 -0.07840096 0.7195844 0.6511337 -0.07839828 0.7549031 0.4491575 -0.2342584 0.8621951 0.6228043 -0.07846868 0.7784328 0.5857478 -0.07841891 0.8066908 0.5857502 -0.07839256 0.8066916 0.5506533 -0.07844549 0.8310399 0.5189002 -0.1662371 0.8385153 0.5195782 -0.07842546 0.8508161 0.4740731 -0.07844454 0.8769842 0.4413577 -0.07845872 0.8938946 0.3940681 -0.07841539 0.9157299 0.394067 -0.07842797 0.9157294 0.3595007 -0.07848155 0.9298386 0.3252021 -0.08559077 0.9417631 0.3250125 -0.07838851 0.9424554 0.274953 -0.07843017 0.9582534 0.2484923 -0.2362424 0.9393833 0.239374 -0.07843846 0.9677538 0.1831027 -0.07840049 0.9799627 0.1859831 -0.168587 0.9679818 -0.03610497 -0.2107387 0.9768755 0.1518056 -0.07845073 0.9852921 0.110264 -0.07839906 0.9908055 0.1102635 -0.07840698 0.9908049 0.06303483 -0.07845604 0.9949228 0.03610497 -0.2107387 0.9768755 0.02624702 -0.07844656 0.9965727 -0.02624702 -0.07844656 0.9965727 -0.2484923 -0.2362447 0.9393827 -0.06303483 -0.07845604 0.9949228 -0.1102638 -0.07840692 0.9908049 -0.1102635 -0.07840085 0.9908053 -0.1518066 -0.07845324 0.9852917 -0.1814093 -0.1563421 0.9709005 -0.1881031 -0.07840812 0.9790145 -0.2393734 -0.07843071 0.9677546 -0.2749535 -0.07843017 0.9582532 -0.3250122 -0.07838851 0.9424555 -0.325202 -0.08559602 0.9417627 -0.3595005 -0.07848739 0.9298382 -0.3940677 -0.07843434 0.9157285 -0.3940674 -0.07841855 0.9157301 -0.4413572 -0.0784623 0.8938946 -0.4491568 -0.2342652 0.8621937 -0.4740741 -0.07844078 0.8769839 -0.5246022 -0.07840549 0.8477295 -0.5124214 -0.1825882 0.8390983 -0.7160703 -0.07844495 0.6936064 -0.6837251 -0.2162555 0.6969601 -0.5506559 -0.07844549 0.8310382 -0.585749 -0.07839256 0.8066924 -0.585749 -0.07841897 0.8066899 -0.6228043 -0.07846868 0.7784328 -0.6320295 -0.2045988 0.7474476 -0.651132 -0.0784195 0.7549024 -0.6899645 -0.0784229 0.7195825 0.680968 -0.2333204 0.69415 0.6278671 -0.2333198 0.7425259 0.6278702 -0.2333046 0.7425282 0.5713439 -0.2333052 0.7868512 0.571345 -0.2332996 0.7868521 0.5117012 -0.2332985 0.826882 0.5117027 -0.2332898 0.8268834 0.4492651 -0.23329 0.8624017 0.4492646 -0.2332931 0.8624011 0.3843773 -0.2332938 0.8932123 0.384379 -0.2332816 0.8932147 0.3173942 -0.2332827 0.9191519 0.3173917 -0.2333016 0.9191479 0.248674 -0.2333011 0.9400701 0.2486748 -0.2332943 0.9400716 0.1785999 -0.2332952 0.9558637 0.1785991 -0.2333036 0.9558618 0.1075517 -0.2333046 0.9664376 0.1075512 -0.2333102 0.9664363 0.03591513 -0.2333107 0.9717388 0.03591644 -0.2332909 0.9717435 -0.03591531 -0.233291 0.9717435 -0.03591626 -0.2333107 0.9717387 -0.1075515 -0.2333102 0.9664362 -0.1075514 -0.2333063 0.9664372 -0.1785992 -0.2333064 0.955861 -0.1785991 -0.233298 0.9558632 -0.2486743 -0.2332981 0.9400708 -0.2486743 -0.2332972 0.9400709 -0.3173931 -0.2332966 0.9191487 -0.3173933 -0.2332877 0.9191509 -0.3843778 -0.2332876 0.8932136 -0.3843774 -0.2332968 0.8932114 -0.4492644 -0.2332966 0.8624003 -0.4492648 -0.23329 0.8624019 -0.5117022 -0.2332898 0.8268837 -0.5117016 -0.2332985 0.8268817 -0.5713447 -0.2332996 0.7868523 -0.5713441 -0.2333052 0.7868511 -0.6278699 -0.2333046 0.7425283 -0.6278705 -0.2333 0.7425293 -0.6809718 -0.2332988 0.6941535 -0.6809724 -0.2332941 0.6941545 0.6470543 -0.3824585 0.6595803 0.5965988 -0.3824584 0.7055462 0.5966032 -0.3824445 0.7055501 0.5428918 -0.3824436 0.7476666 0.5428894 -0.3824517 0.7476643 0.4862167 -0.3824521 0.7856996 0.4862139 -0.3824626 0.7856962 0.4268869 -0.3824619 0.8194452 0.4268882 -0.3824567 0.819447 0.365233 -0.3824571 0.8487234 0.3652313 -0.3824648 0.8487206 0.3015827 -0.3824653 0.873366 0.3015872 -0.3824422 0.8733747 0.2362904 -0.3824434 0.8932547 0.2362849 -0.3824774 0.8932416 0.1697024 -0.3824768 0.908247 0.1697066 -0.3824461 0.9082592 0.1021953 -0.3824446 0.9183095 0.102194 -0.3824572 0.9183043 0.03412753 -0.3824573 0.9233427 0.03412795 -0.3824514 0.9233451 -0.03412759 -0.3824514 0.9233452 -0.03412783 -0.3824573 0.9233427 -0.1021949 -0.3824572 0.9183042 -0.1021947 -0.3824415 0.9183108 -0.169705 -0.3824411 0.9082615 -0.1697044 -0.3824743 0.9082477 -0.236287 -0.3824738 0.8932425 -0.2362881 -0.3824505 0.8932523 -0.3015851 -0.3824512 0.8733714 -0.301584 -0.3824653 0.8733656 -0.3652316 -0.3824648 0.8487206 -0.3652321 -0.3824598 0.8487226 -0.4268871 -0.3824599 0.8194461 -0.4268868 -0.3824619 0.8194453 -0.4862144 -0.3824626 0.7856959 -0.4862161 -0.3824521 0.7856999 -0.5428898 -0.3824517 0.7476639 -0.5428914 -0.3824436 0.747667 -0.5966021 -0.3824445 0.705551 -0.5965971 -0.3824673 0.7055429 -0.6470518 -0.3824682 0.6595772 -0.6470533 -0.3824621 0.6595793 0.5972111 -0.5222395 0.6087732 0.5506432 -0.5222396 0.6511973 0.5506443 -0.5222371 0.6511983 0.5010701 -0.5222365 0.6900709 0.5010641 -0.5222509 0.6900643 0.4487582 -0.5222498 0.7251698 0.448762 -0.5222398 0.7251747 0.3940041 -0.5222411 0.7563233 0.3940083 -0.5222286 0.7563297 0.3371013 -0.5222274 0.7833526 0.3371 -0.5222321 0.7833501 0.2783554 -0.5222314 0.8060972 0.2783544 -0.5222355 0.806095 0.2180862 -0.5222356 0.8244442 0.2180885 -0.522225 0.8244504 0.1566348 -0.5222247 0.8383001 0.156634 -0.5222293 0.8382973 0.09432262 -0.5222301 0.8475725 0.09432148 -0.5222382 0.8475675 0.03149896 -0.5222381 0.8522177 0.03149896 -0.5222386 0.8522176 -0.03149896 -0.5222386 0.8522175 -0.03149896 -0.5222381 0.8522177 -0.09432196 -0.5222382 0.8475674 -0.09432196 -0.5222314 0.8475717 -0.156634 -0.5222315 0.8382959 -0.1566344 -0.5222247 0.8383001 -0.2180883 -0.522225 0.8244505 -0.2180873 -0.5222357 0.824444 -0.2783546 -0.5222354 0.8060948 -0.2783557 -0.5222276 0.8060995 -0.3371013 -0.5222274 0.7833526 -0.3371022 -0.5222228 0.7833554 -0.3940088 -0.5222232 0.7563332 -0.3940036 -0.5222466 0.7563198 -0.4487594 -0.522246 0.7251718 -0.4487601 -0.5222436 0.7251731 -0.5010674 -0.5222439 0.6900672 -0.5010718 -0.5222296 0.6900749 -0.5506472 -0.5222296 0.651202 -0.5506437 -0.5222396 0.6511968 -0.5972116 -0.5222395 0.6087727 -0.5972126 -0.5222369 0.608774 0.532661 -0.6491939 0.5429729 0.4911261 -0.6491944 0.5808113 0.4911175 -0.6492086 0.5808028 0.4469017 -0.6492096 0.615472 0.4469178 -0.649181 0.6154905 0.4002628 -0.6491811 0.6468026 0.4002586 -0.6491892 0.646797 0.3514207 -0.6491889 0.6745793 0.3514207 -0.6491889 0.6745794 0.300664 -0.6491891 0.6986806 0.3006628 -0.6491922 0.6986783 0.2482679 -0.6491919 0.7189667 0.2482622 -0.6492079 0.718954 0.1945111 -0.6492079 0.7353193 0.1945153 -0.6491934 0.7353311 0.1397029 -0.6491947 0.7476827 0.1396973 -0.6492191 0.7476626 0.08412414 -0.6492194 0.7559348 0.08412927 -0.6491887 0.7559605 0.02809453 -0.6491881 0.7601089 0.02809387 -0.649194 0.760104 -0.02809435 -0.649194 0.7601038 -0.02809405 -0.6491877 0.7601092 -0.08412712 -0.6491877 0.7559617 -0.08412647 -0.6492195 0.7559345 -0.1396989 -0.6492191 0.7476623 -0.1397007 -0.6491981 0.7476801 -0.1945136 -0.6491982 0.7353273 -0.1945121 -0.6492079 0.735319 -0.2482632 -0.649208 0.7189537 -0.2482666 -0.6491918 0.7189671 -0.300663 -0.6491922 0.6986783 -0.3006628 -0.6491928 0.6986777 -0.3514192 -0.6491932 0.6745759 -0.3514207 -0.6491889 0.6745793 -0.4002585 -0.6491893 0.646797 -0.4002597 -0.6491861 0.6467996 -0.4469133 -0.6491866 0.6154879 -0.4469007 -0.6492152 0.6154669 -0.4911153 -0.6492146 0.5807979 -0.4911253 -0.6491944 0.580812 -0.5326611 -0.6491939 0.5429729 -0.5326616 -0.649193 0.5429735 0.454993 -0.7601775 0.4638013 0.419514 -0.7601773 0.4961234 0.4195274 -0.7601611 0.4961371 0.3817579 -0.760161 0.525753 0.3817412 -0.760183 0.5257332 0.3418908 -0.7601837 0.5524775 0.3418951 -0.7601774 0.5524836 0.3001781 -0.7601771 0.5762152 0.3001758 -0.7601808 0.5762115 0.2568207 -0.7601807 0.5967984 0.2568214 -0.7601796 0.5967996 0.2120653 -0.7601796 0.6141296 0.212063 -0.7601846 0.6141242 0.1661505 -0.7601847 0.6281029 0.1661509 -0.7601835 0.6281042 0.1193299 -0.7601833 0.6386563 0.1193355 -0.7601646 0.6386775 0.07186353 -0.7601646 0.6457442 0.07185971 -0.7601823 0.6457236 0.02399724 -0.7601827 0.6492661 0.02399724 -0.7601827 0.6492661 -0.02399724 -0.7601827 0.649266 -0.02399724 -0.760183 0.6492658 -0.0718612 -0.7601831 0.6457226 -0.07186198 -0.7601653 0.6457434 -0.1193338 -0.7601659 0.6386762 -0.1193317 -0.760182 0.6386574 -0.1661514 -0.7601819 0.6281062 -0.1661507 -0.7601847 0.6281028 -0.2120633 -0.7601846 0.6141242 -0.2120648 -0.7601796 0.6141299 -0.2568215 -0.7601796 0.5967996 -0.2568216 -0.7601794 0.5967998 -0.3001769 -0.7601792 0.576213 -0.3001787 -0.7601755 0.5762169 -0.3418955 -0.7601757 0.5524858 -0.3418901 -0.7601855 0.5524755 -0.3817414 -0.760185 0.5257303 -0.3817538 -0.7601649 0.5257502 -0.4195229 -0.7601655 0.496134 -0.4195147 -0.7601774 0.4961227 -0.454993 -0.7601774 0.4638012 -0.454993 -0.7601775 0.4638012 0.3660748 -0.8524899 0.3731625 0.3375309 -0.8524895 0.3991673 0.3375259 -0.8524939 0.3991621 0.307138 -0.852494 0.4229898 0.3071414 -0.8524907 0.4229938 0.2750793 -0.8524903 0.444513 0.2750788 -0.8524907 0.4445123 0.2415142 -0.8524907 0.4636059 0.2415181 -0.852486 0.4636124 0.2066351 -0.8524856 0.4801772 0.206636 -0.8524844 0.4801789 0.1706255 -0.8524841 0.4941233 0.1706273 -0.8524813 0.4941276 0.1336858 -0.852481 0.5053754 0.133686 -0.8524805 0.505376 0.09601473 -0.8524806 0.5138657 0.0960108 -0.8524904 0.5138502 0.0578168 -0.8524905 0.5195356 0.05781906 -0.8524826 0.5195482 0.01930814 -0.8524825 0.5223991 0.01930785 -0.8524845 0.5223959 -0.01930803 -0.8524845 0.5223959 -0.01930797 -0.8524824 0.5223991 -0.05781823 -0.8524826 0.5195483 -0.05781769 -0.8524906 0.5195354 -0.09601169 -0.8524903 0.51385 -0.0960136 -0.8524806 0.513866 -0.1336861 -0.8524806 0.5053761 -0.1336863 -0.8524798 0.5053772 -0.1706277 -0.8524798 0.4941299 -0.1706264 -0.8524826 0.4941255 -0.2066371 -0.8524827 0.4801815 -0.2066369 -0.852483 0.4801811 -0.24152 -0.852483 0.463617 -0.2415162 -0.8524887 0.4636085 -0.2750809 -0.8524884 0.4445155 -0.2750822 -0.8524867 0.444518 -0.3071449 -0.8524869 0.4229992 -0.307141 -0.8524914 0.4229928 -0.337529 -0.852491 0.3991655 -0.3375333 -0.8524866 0.3991714 -0.3660787 -0.8524868 0.3731657 -0.3660776 -0.8524878 0.3731644 0.268155 -0.9237828 0.2733462 0.2472453 -0.9237828 0.2923952 0.2472435 -0.9237839 0.2923933 0.2249838 -0.9237841 0.3098469 0.2249856 -0.923783 0.309849 0.2014989 -0.9237833 0.3256112 0.2015029 -0.9237805 0.3256169 0.1769159 -0.9237804 0.3396035 0.1769086 -0.9237863 0.3395913 0.1513577 -0.9237864 0.3517237 0.151359 -0.9237852 0.3517262 0.1249815 -0.9237853 0.3619399 0.1249822 -0.9237845 0.3619415 0.09792292 -0.9237845 0.3701803 0.09792053 -0.9237876 0.370173 0.07032728 -0.9237874 0.376392 0.07032936 -0.9237838 0.3764004 0.04235202 -0.9237837 0.3805654 0.0423519 -0.923784 0.3805646 0.01414287 -0.9237841 0.3826526 0.01414263 -0.9237852 0.3826498 -0.01414281 -0.9237852 0.3826498 -0.01414275 -0.923784 0.3826526 -0.04235196 -0.9237841 0.3805646 -0.04235208 -0.9237834 0.380566 -0.07032901 -0.9237834 0.3764016 -0.07032793 -0.9237869 0.3763929 -0.09792137 -0.923787 0.3701743 -0.09792256 -0.9237844 0.3701803 -0.124982 -0.9237846 0.3619416 -0.1249815 -0.9237852 0.3619398 -0.1513588 -0.9237852 0.3517263 -0.1513575 -0.9237869 0.3517227 -0.1769088 -0.9237868 0.3395897 -0.176914 -0.9237815 0.3396015 -0.2015009 -0.9237816 0.3256146 -0.2014969 -0.9237852 0.3256071 -0.2249826 -0.9237851 0.3098449 -0.2249839 -0.9237841 0.3098469 -0.2472435 -0.923784 0.2923934 -0.2472428 -0.9237844 0.2923925 -0.2681522 -0.9237845 0.2733433 -0.2681525 -0.9237844 0.2733436 0.1635879 -0.9723333 0.1667541 0.1508314 -0.9723333 0.1783752 0.1508271 -0.9723349 0.1783706 0.1372485 -0.9723349 0.189018 0.137252 -0.9723335 0.1890223 0.1229245 -0.9723334 0.1986387 0.122919 -0.9723357 0.198631 0.1079205 -0.9723357 0.2071627 0.1079245 -0.9723339 0.2071694 0.09233659 -0.972334 0.2145708 0.09233576 -0.9723345 0.2145691 0.07624447 -0.9723345 0.2207997 0.07624292 -0.9723354 0.220796 0.05973571 -0.9723355 0.2258214 0.05973708 -0.9723345 0.2258256 0.04290366 -0.9723345 0.2296191 0.0429036 -0.9723345 0.2296187 0.02583634 -0.9723346 0.2321594 0.02583646 -0.9723344 0.2321602 0.008627653 -0.9723343 0.233434 0.008627533 -0.9723346 0.2334329 -0.008627593 -0.9723346 0.2334329 -0.008627593 -0.9723344 0.233434 -0.0258364 -0.9723344 0.2321602 -0.02583634 -0.9723346 0.2321594 -0.0429036 -0.9723346 0.2296187 -0.04290354 -0.9723346 0.2296184 -0.05973666 -0.9723347 0.2258247 -0.05973577 -0.9723357 0.2258204 -0.07624268 -0.9723356 0.2207948 -0.07624381 -0.9723348 0.2207987 -0.09233534 -0.9723348 0.2145677 -0.09233599 -0.9723343 0.2145695 -0.1079234 -0.9723343 0.2071681 -0.1079209 -0.9723357 0.2071625 -0.1229195 -0.9723356 0.1986308 -0.1229245 -0.9723332 0.1986399 -0.1372523 -0.9723333 0.1890233 -0.1372488 -0.9723348 0.1890178 -0.1508274 -0.9723349 0.1783704 -0.1508297 -0.972334 0.1783735 -0.1635858 -0.9723339 0.1667526 -0.1635825 -0.9723351 0.1667488 0.05499142 -0.9969121 0.05605584 0.05070322 -0.9969121 0.05996251 0.05070465 -0.996912 0.059964 0.04613989 -0.9969119 0.06354349 0.04613906 -0.996912 0.06354242 0.04132241 -0.9969121 0.06677496 0.04132235 -0.9969121 0.06677484 0.03628045 -0.996912 0.06964313 0.03628009 -0.9969121 0.0696426 0.03104013 -0.9969121 0.07213079 0.03103917 -0.9969122 0.07212895 0.02563005 -0.9969122 0.07422339 0.0256313 -0.996912 0.07422649 0.02008193 -0.996912 0.07591629 0.02008128 -0.9969121 0.07591432 0.01442265 -0.9969122 0.07718962 0.01442283 -0.9969121 0.07719039 0.00868535 -0.9969121 0.07804453 0.008685052 -0.9969122 0.07804274 0.002900242 -0.9969122 0.07847094 0.002900421 -0.996912 0.07847326 -0.002900302 -0.9969121 0.07847326 -0.002900362 -0.9969122 0.07847094 -0.008685111 -0.9969122 0.07804268 -0.008685231 -0.9969121 0.07804453 -0.01442277 -0.9969121 0.07719039 -0.01442271 -0.9969121 0.07718986 -0.02008152 -0.9969121 0.07591462 -0.02008199 -0.9969118 0.07591694 -0.02563136 -0.9969119 0.07422733 -0.02563035 -0.9969123 0.07422375 -0.03103953 -0.9969122 0.07212936 -0.03104013 -0.9969121 0.07213109 -0.03628027 -0.996912 0.06964284 -0.03628057 -0.996912 0.06964343 -0.04132252 -0.996912 0.06677514 -0.04132211 -0.9969121 0.06677436 -0.04613864 -0.9969121 0.06354176 -0.04613983 -0.996912 0.06354355 -0.05070465 -0.996912 0.05996406 -0.05070382 -0.996912 0.05996304 -0.05499202 -0.996912 0.05605649 -0.05499237 -0.996912 0.05605685 -0.6899591 0.07843452 0.7195863 -0.6227978 0.07844859 0.7784399 -0.5195746 0.07842123 0.8508186 -0.4413549 0.0784623 0.8938957 -0.2393699 0.07843071 0.9677554 -0.02624702 0.07844656 0.9965727 0.06303238 0.07845705 0.9949229 0.1881024 0.07840824 0.9790146 0.2749481 0.07846111 0.9582523 0.4740683 0.07844448 0.8769868 0.6511263 0.07843148 0.7549059 0.7160638 0.07845658 0.6936118 0.04130476 0.9969146 0.06674796 0.04130434 0.9969146 0.06674712 0.1229189 0.9723349 0.1986348 0.1229203 0.9723342 0.1986374 0.2015027 0.9237774 0.3256255 0.2015011 0.9237788 0.3256226 0.2750725 0.8524927 0.4445126 0.2750684 0.8524981 0.4445048 0.3418859 0.7601837 0.5524807 0.3418931 0.7601704 0.5524945 0.4002438 0.6492069 0.6467884 0.4002444 0.6492054 0.6467896 0.4487608 0.5222174 0.7251915 0.4487588 0.5222252 0.7251872 0.4862049 0.382467 0.7856996 0.4862081 0.3824481 0.7857068 0.5116937 0.2332819 0.8268913 0.511691 0.233316 0.8268833 -0.01441657 0.9969146 0.0771588 -0.01441705 0.9969145 0.07716065 -0.04290324 0.9723344 0.2296195 -0.04290139 0.9723362 0.2296122 -0.07033032 0.9237781 0.3764142 -0.07033127 0.9237766 0.3764179 -0.09600746 0.8524976 0.5138389 -0.09600794 0.8524965 0.5138406 -0.119333 0.7601646 0.6386778 -0.1193318 0.7601685 0.6386735 -0.1396958 0.6492192 0.7476627 -0.1396964 0.6492165 0.747665 -0.1566311 0.5222244 0.8383009 -0.1566323 0.5222174 0.838305 -0.1697034 0.382441 0.9082619 -0.1697025 0.382447 0.9082595 -0.1785967 0.2333065 0.9558616 -0.1785976 0.233298 0.9558635 0.05496716 0.9969148 0.05603271 0.05496913 0.9969145 0.05603498 0.1635835 0.9723338 0.1667553 0.1635798 0.9723352 0.166751 0.2681586 0.9237785 0.2733573 0.2681553 0.9237805 0.2733536 0.3660682 0.8524918 0.3731645 0.366069 0.852491 0.3731656 0.4549831 0.7601821 0.4638032 0.4549828 0.7601825 0.4638029 0.5326505 0.6491998 0.5429762 0.5326536 0.6491941 0.54298 0.5972075 0.5222294 0.6087853 0.5972064 0.5222324 0.6087839 0.6470472 0.3824522 0.6595909 0.6470457 0.3824587 0.6595888 0.680963 0.2332938 0.6941637 0.6809638 0.2332881 0.694165 0.683722 0.2162119 0.6969766 0.6899591 0.07843452 0.7195863 0.6227978 0.07844859 0.7784399 0.6320148 0.2046437 0.7474479 0.6278648 0.2332814 0.74254 0.627864 0.2332882 0.7425385 0.5965886 0.382466 0.7055507 0.5965903 0.3824582 0.7055534 0.5506387 0.5222297 0.6512091 0.5506378 0.5222322 0.6512078 0.4911105 0.649209 0.5808083 0.4911178 0.6491942 0.5808185 0.4195114 0.7601721 0.4961336 0.4195043 0.7601824 0.4961238 0.3375263 0.8524887 0.399173 0.3375241 0.8524909 0.3991701 0.2472441 0.9237813 0.2924011 0.247245 0.9237807 0.2924024 0.1508246 0.9723351 0.1783715 0.1508244 0.9723352 0.1783713 0.05068182 0.9969146 0.05993849 0.05068278 0.9969145 0.05993974 0.04611909 0.9969146 0.06351631 0.04611939 0.9969146 0.06351679 0.1372455 0.9723352 0.1890181 0.1372461 0.972335 0.189019 0.2249848 0.9237812 0.309855 0.2249898 0.9237774 0.3098629 0.3071382 0.8524888 0.423 0.3071346 0.8524928 0.4229944 0.3817434 0.7601718 0.5257478 0.3817365 0.7601831 0.5257366 0.4468962 0.6492094 0.6154762 0.4468972 0.6492074 0.6154777 0.5010655 0.5222292 0.6900797 0.5010696 0.5222162 0.6900867 0.5428774 0.3824657 0.7476657 0.542877 0.3824681 0.7476648 0.5713384 0.2332801 0.7868627 0.5713382 0.2332816 0.7868623 0.5857407 0.07840025 0.8066977 0.5857408 0.07841151 0.8066967 0.5245939 0.07840979 0.8477341 0.5124289 0.1824812 0.8391169 0.5506426 0.07846319 0.8310453 0.4413555 0.07845884 0.8938958 0.4491504 0.234256 0.8621994 0.4492574 0.2332932 0.8624048 0.449256 0.2333171 0.8623991 0.4268822 0.3824566 0.8194501 0.4268832 0.382449 0.8194531 0.3940038 0.5222216 0.756337 0.3940033 0.5222238 0.7563357 0.3514084 0.6492055 0.6745698 0.3514084 0.6492054 0.6745699 0.300171 0.7601809 0.5762138 0.3001758 0.7601706 0.5762248 0.241511 0.8524892 0.4636104 0.2415053 0.8524979 0.4635974 0.1769128 0.9237806 0.3396047 0.1769145 0.9237788 0.3396085 0.1079226 0.9723339 0.2071703 0.1079221 0.9723341 0.2071693 0.03626465 0.9969146 0.06961423 0.03626447 0.9969146 0.06961393 0.03102684 0.9969146 0.07210147 0.03102689 0.9969146 0.07210165 0.09233492 0.972334 0.2145717 0.09233421 0.9723344 0.2145697 0.1513607 0.9237806 0.3517377 0.1513615 0.9237795 0.3517401 0.2066292 0.8524893 0.4801733 0.2066254 0.8524964 0.4801623 0.2568174 0.7601805 0.5968001 0.2568177 0.7601797 0.5968011 0.3006539 0.6492063 0.698669 0.3006576 0.6491923 0.6986804 0.3370969 0.52222 0.7833594 0.3370977 0.5222157 0.7833619 0.3652256 0.3824567 0.8487268 0.3652247 0.382465 0.8487235 0.3843705 0.2332935 0.8932152 0.3843705 0.2332938 0.8932152 0.3940605 0.07841557 0.9157332 0.3940608 0.07842797 0.915732 0.02561992 0.9969146 0.07419538 0.02561974 0.9969146 0.07419472 0.07624328 0.9723345 0.2208001 0.0762434 0.9723343 0.2208006 0.1249842 0.9237795 0.3619537 0.1249856 0.9237772 0.3619589 0.170616 0.8524968 0.4941047 0.1706159 0.8524969 0.4941045 0.2120616 0.7601794 0.6141312 0.2120639 0.7601717 0.6141399 0.2482616 0.6491917 0.7189689 0.2482582 0.6492081 0.7189553 0.2783523 0.5222166 0.8061078 0.2783507 0.5222283 0.8061009 0.3015782 0.3824653 0.8733676 0.30158 0.3824422 0.873377 0.3173863 0.2332928 0.919152 0.3173861 0.2333017 0.9191498 0.3253877 0.07842874 0.9423226 0.3253875 0.07841783 0.9423236 0.02007287 0.9969146 0.07588344 0.02007335 0.9969145 0.07588559 0.05973595 0.9723343 0.2258267 0.05973434 0.9723362 0.2258189 0.09792572 0.9237775 0.3701968 0.09792637 0.9237761 0.3702002 0.1336769 0.8524968 0.5053511 0.133677 0.8524964 0.5053517 0.1661517 0.7601714 0.6281186 0.1661518 0.7601704 0.6281198 0.1945087 0.6492078 0.73532 0.1945082 0.6492115 0.7353169 0.2180857 0.5222283 0.824449 0.2180867 0.5222178 0.8244554 0.2362859 0.3824434 0.8932559 0.2362856 0.3824506 0.8932528 0.2486701 0.2333011 0.9400711 0.2486701 0.2332943 0.9400728 0.2484877 0.2362482 0.9393831 0.2393699 0.07843071 0.9677554 0.1518065 0.07845568 0.9852916 0.1814067 0.1563596 0.9708983 0.1785973 0.2333036 0.9558622 0.1785972 0.2332951 0.9558642 0.169703 0.3824411 0.9082619 0.1697028 0.3824496 0.9082583 0.1566315 0.5222265 0.8382996 0.1566319 0.5222174 0.8383051 0.139696 0.649219 0.7476629 0.1396965 0.649213 0.7476679 0.1193324 0.7601646 0.6386779 0.1193318 0.7601698 0.6386719 0.09600752 0.8524976 0.5138388 0.09600776 0.8524966 0.5138407 0.07033091 0.9237772 0.3764163 0.07033121 0.9237761 0.376419 0.04290264 0.9723346 0.2296189 0.04290181 0.9723362 0.2296121 0.01441669 0.9969146 0.07715874 0.01441693 0.9969145 0.07716047 0.008681535 0.9969146 0.07801246 0.008681595 0.9969145 0.07801318 0.02583557 0.9723346 0.2321595 0.02583557 0.9723344 0.2321603 0.04235231 0.9237774 0.3805807 0.04235219 0.9237783 0.3805784 0.05781459 0.8524976 0.5195239 0.05781459 0.8524981 0.5195232 0.07186096 0.7601645 0.6457445 0.07186079 0.7601695 0.6457386 0.0841239 0.6492194 0.7559348 0.0841242 0.6492063 0.755946 0.09432101 0.5222254 0.8475755 0.09432101 0.522231 0.847572 0.1021931 0.3824415 0.918311 0.1021933 0.3824572 0.9183045 0.1075499 0.2333046 0.9664378 0.10755 0.2333103 0.9664364 0.1102619 0.07840275 0.9908054 0.1102622 0.07840871 0.9908049 0.002899169 0.9969145 0.07844126 0.002899169 0.9969146 0.07844102 0.008627712 0.9723344 0.233434 0.008627772 0.9723346 0.2334329 0.01414346 0.9237783 0.3826664 0.01414352 0.9237794 0.3826637 0.01930731 0.8524984 0.5223731 0.01930701 0.8524917 0.5223841 0.02399706 0.7601693 0.6492819 0.02399766 0.7601827 0.649266 0.02809399 0.6492065 0.7600932 0.02809345 0.649194 0.760104 0.03149813 0.5222309 0.8522222 0.03149819 0.5222314 0.852222 0.03412681 0.3824573 0.9233427 0.03412652 0.3824514 0.9233452 0.03591513 0.2333107 0.9717388 0.03591424 0.233291 0.9717436 0.03610396 0.210725 0.9768784 0.02624702 0.07844656 0.9965727 -0.06303238 0.07845711 0.9949229 -0.03610396 0.210725 0.9768784 -0.03591406 0.2333106 0.9717388 -0.03591531 0.233291 0.9717435 -0.03412646 0.3824572 0.9233428 -0.03412687 0.3824514 0.9233452 -0.03149819 0.5222309 0.8522222 -0.03149813 0.5222314 0.8522219 -0.02809309 0.6492065 0.7600933 -0.02809435 0.649194 0.7601038 -0.02399826 0.7601693 0.6492818 -0.02399653 0.7601827 0.649266 -0.0193066 0.8524984 0.5223732 -0.01930773 0.8524917 0.5223841 -0.01414364 0.9237783 0.3826664 -0.0141434 0.9237794 0.3826637 -0.008627772 0.9723344 0.233434 -0.008627712 0.9723347 0.2334329 -0.002899169 0.9969145 0.07844126 -0.002899169 0.9969146 0.07844102 -0.008681595 0.9969145 0.07801318 -0.008681476 0.9969146 0.07801252 -0.02583563 0.9723344 0.2321602 -0.02583557 0.9723345 0.2321599 -0.04235208 0.9237783 0.3805784 -0.04235225 0.9237779 0.3805794 -0.05781447 0.8524981 0.5195232 -0.05781459 0.8524977 0.5195239 -0.07186025 0.7601696 0.6457386 -0.07186132 0.7601645 0.6457445 -0.08412504 0.6492063 0.7559459 -0.08412289 0.6492193 0.7559349 -0.09432059 0.5222311 0.847572 -0.09432148 0.5222241 0.8475763 -0.1021924 0.3824572 0.9183046 -0.1021941 0.3824415 0.9183109 -0.1075497 0.2333103 0.9664365 -0.10755 0.2333063 0.9664374 -0.1102617 0.07840871 0.990805 -0.1102623 0.07840085 0.9908055 -0.1831005 0.07839453 0.9799636 -0.1859818 0.1686085 0.9679783 -0.1518065 0.07845318 0.9852917 -0.2749487 0.07846117 0.9582521 -0.2484878 0.2362502 0.9393826 -0.2486702 0.2332972 0.9400721 -0.2486701 0.2332982 0.9400719 -0.2362854 0.3824502 0.893253 -0.2362859 0.3824471 0.8932543 -0.2180854 0.5222285 0.824449 -0.2180877 0.5222178 0.8244552 -0.1945099 0.6492053 0.7353219 -0.1945067 0.6492163 0.7353131 -0.1661515 0.7601714 0.6281188 -0.1661525 0.7601686 0.6281218 -0.1336773 0.8524956 0.5053529 -0.1336769 0.8524964 0.5053517 -0.0979247 0.9237787 0.3701941 -0.09792619 0.9237766 0.3701987 -0.0597369 0.9723339 0.2258285 -0.0597338 0.9723362 0.225819 -0.02007263 0.9969147 0.0758832 -0.02007353 0.9969145 0.07588589 -0.02561956 0.9969146 0.07419437 -0.0256201 0.9969146 0.07419574 -0.07624429 0.9723337 0.2208029 -0.07624316 0.9723345 0.2208002 -0.1249846 0.9237788 0.3619554 -0.1249839 0.9237795 0.3619537 -0.1706168 0.8524955 0.4941066 -0.170616 0.8524967 0.4941047 -0.2120645 0.7601717 0.6141397 -0.2120609 0.7601796 0.6141313 -0.2482578 0.6492051 0.7189581 -0.2482636 0.6491887 0.718971 -0.2783499 0.5222284 0.806101 -0.278352 0.5222203 0.8061055 -0.3015799 0.3824511 0.8733732 -0.3015772 0.3824652 0.873368 -0.3173863 0.2332965 0.919151 -0.3173875 0.2332876 0.9191529 -0.3253883 0.07841742 0.9423233 -0.325387 0.07843393 0.9423224 -0.03102713 0.9969145 0.07210206 -0.03102707 0.9969146 0.07210195 -0.09233415 0.9723345 0.2145697 -0.09233438 0.9723343 0.2145702 -0.1513616 0.9237796 0.35174 -0.1513605 0.9237806 0.3517377 -0.2066246 0.8524963 0.4801627 -0.2066298 0.8524893 0.480173 -0.2568177 0.7601796 0.5968012 -0.2568179 0.7601793 0.5968015 -0.3006599 0.6491885 0.6986829 -0.300652 0.6492081 0.6986682 -0.3370964 0.5222203 0.7833594 -0.3370979 0.5222154 0.783362 -0.3652244 0.382465 0.8487235 -0.3652262 0.382457 0.8487264 -0.3843712 0.2332878 0.8932164 -0.3843699 0.2332967 0.8932147 -0.3940596 0.07843446 0.915732 -0.3940609 0.07841855 0.9157328 -0.03626495 0.9969146 0.06961476 -0.03626418 0.9969147 0.06961345 -0.1079218 0.9723343 0.2071688 -0.1079225 0.9723339 0.2071701 -0.1769126 0.9237806 0.3396047 -0.1769141 0.9237794 0.3396072 -0.2415118 0.8524892 0.4636099 -0.2415053 0.8524969 0.4635993 -0.3001713 0.7601793 0.5762158 -0.3001756 0.7601723 0.5762228 -0.3514072 0.649208 0.6745679 -0.3514084 0.6492055 0.6745698 -0.3940054 0.5222162 0.7563399 -0.3940047 0.5222184 0.7563388 -0.4268817 0.3824568 0.8194503 -0.4268813 0.3824586 0.8194497 -0.4492577 0.2332966 0.8624037 -0.4492543 0.2333171 0.8623999 -0.4491496 0.2342597 0.8621989 -0.4740688 0.07844066 0.8769869 -0.5506452 0.07846331 0.8310436 -0.5188979 0.1661769 0.8385286 -0.5116956 0.2332828 0.8268898 -0.5116898 0.233316 0.826884 -0.486206 0.3824591 0.7857027 -0.4862061 0.3824591 0.7857027 -0.4487566 0.5222301 0.725185 -0.4487609 0.522219 0.7251904 -0.4002463 0.6492022 0.6467916 -0.4002447 0.6492054 0.6467894 -0.3418862 0.7601817 0.5524831 -0.3418928 0.7601722 0.5524922 -0.2750717 0.852494 0.4445105 -0.2750689 0.8524969 0.4445067 -0.2015021 0.9237781 0.3256239 -0.2015003 0.9237794 0.3256214 -0.1229204 0.9723342 0.1986375 -0.1229209 0.972334 0.1986383 -0.04130446 0.9969146 0.06674736 -0.04130393 0.9969147 0.06674659 -0.04611897 0.9969146 0.06351619 -0.04611951 0.9969146 0.06351685 -0.1372483 0.9723342 0.1890215 -0.1372442 0.9723357 0.1890165 -0.2249893 0.9237779 0.3098614 -0.2249844 0.9237812 0.3098555 -0.307133 0.8524942 0.4229929 -0.3071387 0.8524886 0.4229998 -0.381737 0.7601813 0.5257387 -0.3817441 0.7601719 0.5257471 -0.4468998 0.6492022 0.6154811 -0.4468957 0.6492095 0.6154764 -0.5010648 0.5222303 0.6900795 -0.5010653 0.5222291 0.6900799 -0.5428794 0.3824595 0.7476675 -0.5428799 0.3824577 0.747668 -0.5713385 0.233282 0.786862 -0.5713372 0.2332894 0.7868608 -0.5857402 0.07841068 0.8066971 -0.5857413 0.07839995 0.8066974 -0.05068236 0.9969145 0.0599392 -0.05068284 0.9969145 0.05993974 -0.1508229 0.9723357 0.1783697 -0.1508244 0.9723352 0.1783713 -0.2472438 0.9237815 0.292401 -0.247245 0.9237806 0.2924023 -0.3375265 0.8524886 0.399173 -0.3375239 0.8524909 0.3991702 -0.4195125 0.7601717 0.4961334 -0.4195036 0.7601824 0.4961244 -0.4911096 0.6492092 0.5808089 -0.4911186 0.6491943 0.5808179 -0.5506386 0.5222299 0.6512088 -0.5506376 0.5222322 0.6512079 -0.5965908 0.3824564 0.705554 -0.5965902 0.3824582 0.7055535 -0.6278631 0.2332916 0.7425382 -0.6278638 0.2332882 0.7425387 -0.6320148 0.2046439 0.7474479 -0.6511263 0.07843154 0.754906 -0.7160638 0.07845646 0.6936118 -0.6837221 0.2162117 0.6969767 -0.6809628 0.233294 0.6941639 -0.6809641 0.2332881 0.6941647 -0.6470445 0.3824623 0.6595878 -0.6470457 0.3824587 0.6595886 -0.5972115 0.5222215 0.6087884 -0.5972062 0.5222324 0.6087841 -0.5326502 0.6491997 0.5429765 -0.5326539 0.649194 0.5429797 -0.454987 0.7601774 0.4638072 -0.4549825 0.7601826 0.4638032 -0.3660681 0.8524917 0.373165 -0.3660688 0.852491 0.3731657 -0.2681559 0.9237802 0.2733545 -0.2681552 0.9237806 0.2733538 -0.1635818 0.9723345 0.1667531 -0.1635797 0.9723352 0.1667512 -0.0549677 0.9969146 0.05603343 -0.05496925 0.9969145 0.05603486</float_array>
          <technique_common>
            <accessor source="#simple_Body_001-mesh-normals-array" count="3669" stride="3">
              <param name="X" type="float"/>
              <param name="Y" type="float"/>
              <param name="Z" type="float"/>
            </accessor>
          </technique_common>
        </source>
        <vertices id="simple_Body_001-mesh-vertices">
          <input semantic="POSITION" source="#simple_Body_001-mesh-positions"/>
        </vertices>
        <triangles count="3669">
          <input semantic="VERTEX" source="#simple_Body_001-mesh-vertices" offset="0"/>
          <input semantic="NORMAL" source="#simple_Body_001-mesh-normals" offset="1"/>
          <p>0 0 1 0 2 0 3 1 4 1 5 1 2 2 6 2 7 2 0 3 2 3 8 3 9 4 10 4 2 4 10 5 11 5 2 5 2 6 11 6 12 6 2 7 12 7 6 7 13 8 14 8 5 8 5 9 14 9 15 9 5 10 15 10 16 10 1 11 17 11 2 11 2 12 17 12 18 12 2 13 18 13 19 13 20 14 21 14 2 14 2 15 21 15 22 15 23 16 24 16 2 16 2 17 24 17 25 17 2 18 25 18 9 18 26 19 27 19 5 19 5 20 27 20 28 20 5 21 28 21 29 21 29 22 30 22 5 22 5 23 30 23 31 23 5 24 31 24 32 24 33 25 34 25 2 25 2 26 34 26 35 26 2 27 35 27 8 27 22 28 36 28 2 28 2 29 36 29 37 29 2 30 37 30 38 30 2 31 39 31 40 31 40 32 39 32 41 32 40 33 41 33 42 33 43 34 44 34 5 34 5 35 44 35 45 35 5 36 45 36 26 36 46 37 47 37 5 37 5 38 47 38 48 38 5 39 48 39 13 39 16 40 49 40 5 40 5 41 49 41 50 41 5 42 50 42 51 42 4 43 52 43 5 43 5 44 52 44 53 44 5 45 53 45 54 45 55 46 56 46 57 46 57 47 56 47 5 47 57 48 5 48 58 48 58 49 5 49 54 49 7 50 59 50 2 50 2 51 59 51 60 51 2 52 60 52 61 52 19 53 62 53 2 53 2 54 62 54 63 54 2 55 63 55 64 55 38 56 65 56 2 56 2 57 65 57 66 57 2 58 66 58 39 58 43 59 5 59 2 59 2 60 5 60 67 60 2 61 67 61 23 61 32 62 68 62 5 62 5 63 68 63 69 63 5 64 69 64 70 64 51 65 71 65 5 65 5 66 71 66 72 66 5 67 72 67 73 67 73 68 74 68 5 68 5 69 74 69 75 69 5 70 75 70 3 70 61 71 76 71 2 71 2 72 76 72 77 72 2 73 77 73 33 73 64 74 78 74 2 74 2 75 78 75 79 75 2 76 79 76 20 76 80 77 81 77 5 77 5 78 81 78 82 78 5 79 82 79 46 79 70 80 83 80 5 80 5 81 83 81 84 81 5 82 84 82 80 82 14 83 13 83 85 83 49 84 16 84 86 84 86 85 16 85 15 85 86 86 15 86 14 86 51 87 50 87 87 87 87 88 50 88 49 88 72 89 71 89 88 89 88 90 71 90 51 90 89 91 73 91 72 91 75 92 74 92 90 92 90 93 74 93 73 93 52 94 4 94 91 94 91 95 4 95 3 95 91 96 3 96 75 96 54 97 53 97 92 97 92 98 53 98 52 98 57 99 58 99 93 99 93 100 58 100 54 100 94 101 55 101 57 101 95 102 56 102 55 102 14 103 85 103 86 103 86 104 85 104 96 104 86 105 96 105 97 105 98 106 99 106 100 106 96 107 101 107 97 107 97 108 101 108 102 108 97 109 102 109 103 109 103 110 102 110 104 110 103 111 104 111 100 111 100 112 104 112 105 112 100 113 105 113 98 113 106 114 107 114 108 114 98 115 109 115 99 115 99 116 109 116 110 116 99 117 110 117 111 117 111 118 110 118 112 118 111 119 112 119 108 119 108 120 112 120 113 120 108 121 113 121 106 121 114 122 115 122 116 122 106 123 117 123 107 123 107 124 117 124 118 124 107 125 118 125 119 125 119 126 118 126 120 126 119 127 120 127 116 127 116 128 120 128 121 128 116 129 121 129 114 129 122 130 123 130 124 130 114 131 125 131 115 131 115 132 125 132 126 132 115 133 126 133 127 133 127 134 126 134 128 134 127 135 128 135 124 135 124 136 128 136 129 136 124 137 129 137 122 137 122 138 130 138 123 138 123 139 130 139 131 139 123 140 131 140 132 140 49 141 86 141 87 141 87 142 86 142 97 142 87 143 97 143 133 143 133 144 97 144 103 144 133 145 103 145 134 145 134 146 103 146 100 146 134 147 100 147 135 147 135 148 100 148 99 148 135 149 99 149 136 149 136 150 99 150 111 150 136 151 111 151 137 151 137 152 111 152 108 152 137 153 108 153 138 153 138 154 108 154 107 154 138 155 107 155 139 155 139 156 107 156 119 156 139 157 119 157 140 157 140 158 119 158 116 158 140 159 116 159 141 159 141 160 116 160 115 160 141 161 115 161 142 161 142 162 115 162 127 162 142 163 127 163 143 163 143 164 127 164 124 164 143 165 124 165 144 165 144 166 124 166 123 166 144 167 123 167 145 167 145 168 123 168 132 168 145 169 132 169 146 169 51 170 87 170 88 170 88 171 87 171 133 171 88 172 133 172 147 172 147 173 133 173 134 173 147 174 134 174 148 174 148 175 134 175 135 175 148 176 135 176 149 176 149 177 135 177 136 177 149 178 136 178 150 178 150 179 136 179 137 179 150 180 137 180 151 180 151 181 137 181 138 181 151 182 138 182 152 182 152 183 138 183 139 183 152 184 139 184 153 184 153 185 139 185 140 185 153 186 140 186 154 186 154 187 140 187 141 187 154 188 141 188 155 188 155 189 141 189 142 189 155 190 142 190 156 190 156 191 142 191 143 191 156 192 143 192 157 192 157 193 143 193 144 193 157 194 144 194 158 194 158 195 144 195 145 195 158 196 145 196 159 196 159 197 145 197 146 197 159 198 146 198 160 198 72 199 88 199 89 199 89 200 88 200 147 200 89 201 147 201 161 201 161 202 147 202 148 202 161 203 148 203 162 203 162 204 148 204 149 204 162 205 149 205 163 205 163 206 149 206 150 206 163 207 150 207 164 207 164 208 150 208 151 208 164 209 151 209 165 209 165 210 151 210 152 210 165 211 152 211 166 211 166 212 152 212 153 212 166 213 153 213 167 213 167 214 153 214 154 214 167 215 154 215 168 215 168 216 154 216 155 216 168 217 155 217 169 217 169 218 155 218 156 218 169 219 156 219 170 219 170 220 156 220 157 220 170 221 157 221 171 221 171 222 157 222 158 222 171 223 158 223 172 223 172 224 158 224 159 224 172 225 159 225 173 225 173 226 159 226 160 226 173 227 160 227 174 227 73 228 89 228 90 228 90 229 89 229 161 229 90 230 161 230 175 230 175 231 161 231 162 231 175 232 162 232 176 232 176 233 162 233 163 233 176 234 163 234 177 234 177 235 163 235 164 235 177 236 164 236 178 236 178 237 164 237 165 237 178 238 165 238 179 238 179 239 165 239 166 239 179 240 166 240 180 240 180 241 166 241 167 241 180 242 167 242 181 242 181 243 167 243 168 243 181 244 168 244 182 244 182 245 168 245 169 245 182 246 169 246 183 246 183 247 169 247 170 247 183 248 170 248 184 248 184 249 170 249 171 249 184 250 171 250 185 250 185 251 171 251 172 251 185 252 172 252 186 252 186 253 172 253 173 253 186 254 173 254 187 254 187 255 173 255 174 255 187 256 174 256 188 256 75 257 90 257 91 257 91 258 90 258 175 258 91 259 175 259 189 259 189 260 175 260 176 260 189 261 176 261 190 261 190 262 176 262 177 262 190 263 177 263 191 263 191 264 177 264 178 264 191 265 178 265 192 265 192 266 178 266 179 266 192 267 179 267 193 267 193 268 179 268 180 268 193 269 180 269 194 269 194 270 180 270 181 270 194 271 181 271 195 271 195 272 181 272 182 272 195 273 182 273 196 273 196 274 182 274 183 274 196 275 183 275 197 275 197 276 183 276 184 276 197 277 184 277 198 277 198 278 184 278 185 278 198 279 185 279 199 279 199 280 185 280 186 280 199 281 186 281 200 281 200 282 186 282 187 282 200 283 187 283 201 283 201 284 187 284 188 284 201 285 188 285 202 285 52 286 91 286 92 286 92 287 91 287 189 287 92 288 189 288 203 288 203 289 189 289 190 289 203 290 190 290 204 290 204 291 190 291 191 291 204 292 191 292 205 292 205 293 191 293 192 293 205 294 192 294 206 294 206 295 192 295 193 295 206 296 193 296 207 296 207 297 193 297 194 297 207 298 194 298 208 298 208 299 194 299 195 299 208 300 195 300 209 300 209 301 195 301 196 301 209 302 196 302 210 302 210 303 196 303 197 303 210 304 197 304 211 304 211 305 197 305 198 305 211 306 198 306 212 306 212 307 198 307 199 307 212 308 199 308 213 308 213 309 199 309 200 309 213 310 200 310 214 310 214 311 200 311 201 311 214 312 201 312 215 312 215 313 201 313 202 313 215 314 202 314 216 314 54 315 92 315 93 315 93 316 92 316 203 316 93 317 203 317 217 317 217 318 203 318 204 318 217 319 204 319 218 319 218 320 204 320 205 320 218 321 205 321 219 321 219 322 205 322 206 322 219 323 206 323 220 323 220 324 206 324 207 324 220 325 207 325 221 325 221 326 207 326 208 326 221 327 208 327 222 327 222 328 208 328 209 328 222 329 209 329 223 329 223 330 209 330 210 330 223 331 210 331 224 331 224 332 210 332 211 332 224 333 211 333 225 333 225 334 211 334 212 334 225 335 212 335 226 335 226 336 212 336 213 336 226 337 213 337 227 337 227 338 213 338 214 338 227 339 214 339 228 339 228 340 214 340 215 340 228 341 215 341 229 341 229 342 215 342 216 342 229 343 216 343 230 343 57 344 93 344 94 344 94 345 93 345 217 345 94 346 217 346 231 346 231 347 217 347 218 347 231 348 218 348 232 348 232 349 218 349 219 349 232 350 219 350 233 350 233 351 219 351 220 351 233 352 220 352 234 352 234 353 220 353 221 353 234 354 221 354 235 354 235 355 221 355 222 355 235 356 222 356 236 356 236 357 222 357 223 357 236 358 223 358 237 358 237 359 223 359 224 359 237 360 224 360 238 360 238 361 224 361 225 361 238 362 225 362 239 362 239 363 225 363 226 363 239 364 226 364 240 364 240 365 226 365 227 365 240 366 227 366 241 366 241 367 227 367 228 367 241 368 228 368 242 368 242 369 228 369 229 369 242 370 229 370 243 370 243 371 229 371 230 371 243 372 230 372 244 372 55 373 94 373 95 373 95 374 94 374 231 374 95 375 231 375 245 375 245 376 231 376 232 376 245 377 232 377 246 377 246 378 232 378 233 378 246 379 233 379 247 379 247 380 233 380 234 380 247 381 234 381 248 381 248 382 234 382 235 382 248 383 235 383 249 383 249 384 235 384 236 384 249 385 236 385 250 385 250 386 236 386 237 386 250 387 237 387 251 387 251 388 237 388 238 388 251 389 238 389 252 389 252 390 238 390 239 390 252 391 239 391 253 391 253 392 239 392 240 392 253 393 240 393 254 393 254 394 240 394 241 394 254 395 241 395 255 395 255 396 241 396 242 396 255 397 242 397 256 397 256 398 242 398 243 398 256 399 243 399 257 399 257 400 243 400 244 400 257 401 244 401 258 401 131 402 259 402 260 402 131 403 260 403 132 403 132 404 260 404 261 404 132 405 261 405 146 405 146 406 261 406 262 406 146 407 262 407 160 407 160 408 262 408 263 408 160 409 263 409 174 409 174 410 263 410 264 410 174 411 264 411 188 411 188 412 264 412 265 412 188 413 265 413 202 413 202 414 265 414 266 414 202 415 266 415 216 415 216 416 266 416 267 416 216 417 267 417 230 417 230 418 267 418 268 418 230 419 268 419 244 419 244 420 268 420 269 420 244 421 269 421 258 421 258 422 56 422 95 422 270 423 271 423 272 423 95 424 245 424 258 424 258 425 245 425 246 425 258 426 246 426 247 426 247 427 248 427 258 427 258 428 248 428 249 428 258 429 249 429 250 429 250 430 251 430 258 430 258 431 251 431 252 431 258 432 252 432 253 432 253 433 254 433 258 433 258 434 254 434 255 434 258 435 255 435 257 435 257 436 255 436 256 436 56 437 258 437 5 437 5 438 258 438 269 438 5 439 269 439 272 439 272 440 269 440 273 440 272 441 273 441 274 441 275 442 276 442 271 442 271 443 276 443 277 443 271 444 277 444 272 444 274 445 278 445 272 445 272 446 278 446 279 446 272 447 279 447 270 447 275 448 280 448 276 448 276 449 280 449 281 449 276 450 281 450 282 450 282 451 281 451 283 451 259 452 131 452 284 452 284 453 131 453 285 453 260 454 259 454 286 454 67 455 5 455 272 455 24 456 23 456 287 456 287 457 23 457 67 457 10 458 9 458 288 458 288 459 9 459 25 459 288 460 25 460 24 460 12 461 11 461 289 461 289 462 11 462 10 462 59 463 7 463 290 463 290 464 7 464 6 464 290 465 6 465 12 465 61 466 60 466 291 466 291 467 60 467 59 467 292 468 76 468 61 468 33 469 77 469 293 469 293 470 77 470 76 470 35 471 34 471 294 471 294 472 34 472 33 472 295 473 8 473 35 473 260 474 286 474 296 474 296 475 286 475 297 475 296 476 297 476 298 476 297 477 299 477 298 477 298 478 299 478 300 478 298 479 300 479 301 479 300 480 302 480 301 480 301 481 302 481 303 481 301 482 303 482 304 482 304 483 303 483 305 483 304 484 305 484 306 484 305 485 307 485 306 485 306 486 307 486 308 486 306 487 308 487 309 487 308 488 310 488 309 488 309 489 310 489 311 489 309 490 311 490 312 490 312 491 311 491 313 491 312 492 313 492 314 492 314 493 313 493 315 493 314 494 315 494 316 494 316 495 315 495 317 495 317 496 318 496 316 496 316 497 318 497 319 497 316 498 319 498 320 498 320 499 319 499 321 499 320 500 321 500 322 500 322 501 321 501 323 501 322 502 323 502 324 502 324 503 323 503 325 503 0 504 8 504 326 504 326 505 8 505 295 505 326 506 295 506 327 506 327 507 295 507 328 507 327 508 328 508 329 508 329 509 328 509 324 509 329 510 324 510 330 510 330 511 324 511 325 511 35 512 294 512 295 512 295 513 294 513 331 513 295 514 331 514 328 514 328 515 331 515 332 515 328 516 332 516 324 516 324 517 332 517 333 517 324 518 333 518 322 518 322 519 333 519 334 519 322 520 334 520 320 520 320 521 334 521 335 521 320 522 335 522 316 522 316 523 335 523 336 523 316 524 336 524 314 524 314 525 336 525 337 525 314 526 337 526 312 526 312 527 337 527 338 527 312 528 338 528 309 528 309 529 338 529 339 529 309 530 339 530 306 530 306 531 339 531 340 531 306 532 340 532 304 532 304 533 340 533 341 533 304 534 341 534 301 534 301 535 341 535 342 535 301 536 342 536 298 536 298 537 342 537 343 537 298 538 343 538 296 538 296 539 343 539 261 539 296 540 261 540 260 540 33 541 293 541 294 541 294 542 293 542 344 542 294 543 344 543 331 543 331 544 344 544 345 544 331 545 345 545 332 545 332 546 345 546 346 546 332 547 346 547 333 547 333 548 346 548 347 548 333 549 347 549 334 549 334 550 347 550 348 550 334 551 348 551 335 551 335 552 348 552 349 552 335 553 349 553 336 553 336 554 349 554 350 554 336 555 350 555 337 555 337 556 350 556 351 556 337 557 351 557 338 557 338 558 351 558 352 558 338 559 352 559 339 559 339 560 352 560 353 560 339 561 353 561 340 561 340 562 353 562 354 562 340 563 354 563 341 563 341 564 354 564 355 564 341 565 355 565 342 565 342 566 355 566 356 566 342 567 356 567 343 567 343 568 356 568 262 568 343 569 262 569 261 569 76 570 292 570 293 570 293 571 292 571 357 571 293 572 357 572 344 572 344 573 357 573 358 573 344 574 358 574 345 574 345 575 358 575 359 575 345 576 359 576 346 576 346 577 359 577 360 577 346 578 360 578 347 578 347 579 360 579 361 579 347 580 361 580 348 580 348 581 361 581 362 581 348 582 362 582 349 582 349 583 362 583 363 583 349 584 363 584 350 584 350 585 363 585 364 585 350 586 364 586 351 586 351 587 364 587 365 587 351 588 365 588 352 588 352 589 365 589 366 589 352 590 366 590 353 590 353 591 366 591 367 591 353 592 367 592 354 592 354 593 367 593 368 593 354 594 368 594 355 594 355 595 368 595 369 595 355 596 369 596 356 596 356 597 369 597 263 597 356 598 263 598 262 598 61 599 291 599 292 599 292 600 291 600 370 600 292 601 370 601 357 601 357 602 370 602 371 602 357 603 371 603 358 603 358 604 371 604 372 604 358 605 372 605 359 605 359 606 372 606 373 606 359 607 373 607 360 607 360 608 373 608 374 608 360 609 374 609 361 609 361 610 374 610 375 610 361 611 375 611 362 611 362 612 375 612 376 612 362 613 376 613 363 613 363 614 376 614 377 614 363 615 377 615 364 615 364 616 377 616 378 616 364 617 378 617 365 617 365 618 378 618 379 618 365 619 379 619 366 619 366 620 379 620 380 620 366 621 380 621 367 621 367 622 380 622 381 622 367 623 381 623 368 623 368 624 381 624 382 624 368 625 382 625 369 625 369 626 382 626 264 626 369 627 264 627 263 627 59 628 290 628 291 628 291 629 290 629 383 629 291 630 383 630 370 630 370 631 383 631 384 631 370 632 384 632 371 632 371 633 384 633 385 633 371 634 385 634 372 634 372 635 385 635 386 635 372 636 386 636 373 636 373 637 386 637 387 637 373 638 387 638 374 638 374 639 387 639 388 639 374 640 388 640 375 640 375 641 388 641 389 641 375 642 389 642 376 642 376 643 389 643 390 643 376 644 390 644 377 644 377 645 390 645 391 645 377 646 391 646 378 646 378 647 391 647 392 647 378 648 392 648 379 648 379 649 392 649 393 649 379 650 393 650 380 650 380 651 393 651 394 651 380 652 394 652 381 652 381 653 394 653 395 653 381 654 395 654 382 654 382 655 395 655 265 655 382 656 265 656 264 656 12 657 289 657 290 657 290 658 289 658 396 658 290 659 396 659 383 659 383 660 396 660 397 660 383 661 397 661 384 661 384 662 397 662 398 662 384 663 398 663 385 663 385 664 398 664 399 664 385 665 399 665 386 665 386 666 399 666 400 666 386 667 400 667 387 667 387 668 400 668 401 668 387 669 401 669 388 669 388 670 401 670 402 670 388 671 402 671 389 671 389 672 402 672 403 672 389 673 403 673 390 673 390 674 403 674 404 674 390 675 404 675 391 675 391 676 404 676 405 676 391 677 405 677 392 677 392 678 405 678 406 678 392 679 406 679 393 679 393 680 406 680 407 680 393 681 407 681 394 681 394 682 407 682 408 682 394 683 408 683 395 683 395 684 408 684 266 684 395 685 266 685 265 685 10 686 288 686 289 686 289 687 288 687 409 687 289 688 409 688 396 688 396 689 409 689 410 689 396 690 410 690 397 690 397 691 410 691 411 691 397 692 411 692 398 692 398 693 411 693 412 693 398 694 412 694 399 694 399 695 412 695 413 695 399 696 413 696 400 696 400 697 413 697 414 697 400 698 414 698 401 698 401 699 414 699 415 699 401 700 415 700 402 700 402 701 415 701 416 701 402 702 416 702 403 702 403 703 416 703 417 703 403 704 417 704 404 704 404 705 417 705 418 705 404 706 418 706 405 706 405 707 418 707 419 707 405 708 419 708 406 708 406 709 419 709 420 709 406 710 420 710 407 710 407 711 420 711 421 711 407 712 421 712 408 712 408 713 421 713 267 713 408 714 267 714 266 714 24 715 287 715 288 715 288 716 287 716 422 716 288 717 422 717 409 717 409 718 422 718 423 718 409 719 423 719 410 719 410 720 423 720 424 720 410 721 424 721 411 721 411 722 424 722 425 722 411 723 425 723 412 723 412 724 425 724 426 724 412 725 426 725 413 725 413 726 426 726 427 726 413 727 427 727 414 727 414 728 427 728 428 728 414 729 428 729 415 729 415 730 428 730 429 730 415 731 429 731 416 731 416 732 429 732 430 732 416 733 430 733 417 733 417 734 430 734 431 734 417 735 431 735 418 735 418 736 431 736 432 736 418 737 432 737 419 737 419 738 432 738 433 738 419 739 433 739 420 739 420 740 433 740 434 740 420 741 434 741 421 741 421 742 434 742 268 742 421 743 268 743 267 743 67 744 272 744 287 744 287 745 272 745 277 745 287 746 277 746 422 746 422 747 277 747 276 747 422 748 276 748 423 748 423 749 276 749 282 749 423 750 282 750 424 750 424 751 282 751 283 751 424 752 283 752 425 752 425 753 283 753 281 753 425 754 281 754 426 754 426 755 281 755 280 755 426 756 280 756 427 756 427 757 280 757 275 757 427 758 275 758 428 758 428 759 275 759 271 759 428 760 271 760 429 760 429 761 271 761 270 761 429 762 270 762 430 762 430 763 270 763 279 763 430 764 279 764 431 764 431 765 279 765 278 765 431 766 278 766 432 766 432 767 278 767 274 767 432 768 274 768 433 768 433 769 274 769 273 769 433 770 273 770 434 770 434 771 273 771 269 771 434 772 269 772 268 772 284 773 285 773 435 773 284 774 435 774 436 774 436 775 435 775 437 775 436 776 437 776 438 776 438 777 437 777 439 777 438 778 439 778 440 778 440 779 439 779 441 779 440 780 441 780 442 780 442 781 441 781 443 781 442 782 443 782 444 782 444 783 443 783 445 783 444 784 445 784 446 784 446 785 445 785 447 785 446 786 447 786 448 786 448 787 447 787 449 787 448 788 449 788 450 788 450 789 449 789 451 789 450 790 451 790 452 790 452 791 451 791 453 791 452 792 453 792 454 792 259 793 284 793 286 793 286 794 284 794 455 794 286 795 455 795 297 795 297 796 455 796 456 796 297 797 456 797 299 797 299 798 456 798 457 798 299 799 457 799 300 799 300 800 457 800 458 800 300 801 458 801 302 801 302 802 458 802 459 802 302 803 459 803 303 803 303 804 459 804 460 804 303 805 460 805 305 805 305 806 460 806 461 806 305 807 461 807 307 807 307 808 461 808 462 808 307 809 462 809 308 809 308 810 462 810 463 810 308 811 463 811 310 811 310 812 463 812 464 812 310 813 464 813 311 813 311 814 464 814 465 814 311 815 465 815 313 815 313 816 465 816 466 816 313 817 466 817 315 817 315 818 466 818 467 818 315 819 467 819 317 819 317 820 467 820 468 820 317 821 468 821 318 821 318 822 468 822 469 822 318 823 469 823 319 823 319 824 469 824 470 824 319 825 470 825 321 825 321 826 470 826 471 826 321 827 471 827 323 827 323 828 471 828 472 828 323 829 472 829 325 829 325 830 472 830 473 830 325 831 473 831 330 831 330 832 473 832 474 832 330 833 474 833 329 833 329 834 474 834 475 834 329 835 475 835 327 835 327 836 475 836 476 836 327 837 476 837 326 837 326 838 476 838 477 838 326 839 477 839 0 839 0 840 477 840 1 840 454 841 453 841 2 841 478 842 479 842 480 842 480 843 479 843 481 843 482 844 483 844 484 844 481 845 485 845 480 845 480 846 485 846 486 846 480 847 486 847 487 847 2 848 40 848 454 848 454 849 40 849 480 849 454 850 480 850 488 850 488 851 480 851 487 851 478 852 489 852 479 852 479 853 489 853 490 853 479 854 490 854 491 854 491 855 492 855 479 855 479 856 492 856 493 856 479 857 493 857 494 857 482 858 484 858 495 858 496 859 497 859 453 859 453 860 497 860 498 860 453 861 498 861 499 861 499 862 500 862 453 862 453 863 500 863 501 863 453 864 501 864 502 864 496 865 453 865 484 865 484 866 453 866 503 866 484 867 503 867 495 867 502 868 504 868 453 868 453 869 504 869 505 869 453 870 505 870 2 870 476 871 475 871 506 871 473 872 472 872 507 872 471 873 470 873 508 873 468 874 467 874 509 874 466 875 465 875 510 875 463 876 462 876 511 876 461 877 460 877 512 877 458 878 457 878 513 878 456 879 455 879 514 879 1 880 477 880 17 880 17 881 477 881 515 881 17 882 515 882 18 882 516 883 62 883 515 883 515 884 62 884 19 884 515 885 19 885 18 885 517 886 64 886 516 886 516 887 64 887 63 887 516 888 63 888 62 888 20 889 79 889 517 889 517 890 79 890 78 890 517 891 78 891 64 891 20 892 517 892 21 892 21 893 517 893 518 893 21 894 518 894 22 894 22 895 518 895 519 895 22 896 519 896 36 896 36 897 519 897 37 897 37 898 519 898 520 898 37 899 520 899 38 899 38 900 520 900 65 900 65 901 520 901 521 901 65 902 521 902 66 902 66 903 521 903 39 903 39 904 521 904 522 904 39 905 522 905 41 905 41 906 522 906 523 906 41 907 523 907 42 907 42 908 523 908 480 908 42 909 480 909 40 909 454 910 488 910 452 910 452 911 488 911 524 911 452 912 524 912 450 912 450 913 524 913 525 913 450 914 525 914 448 914 448 915 525 915 526 915 448 916 526 916 446 916 446 917 526 917 527 917 446 918 527 918 444 918 444 919 527 919 528 919 444 920 528 920 442 920 442 921 528 921 529 921 442 922 529 922 440 922 440 923 529 923 530 923 440 924 530 924 438 924 438 925 530 925 531 925 438 926 531 926 436 926 436 927 531 927 514 927 436 928 514 928 284 928 284 929 514 929 455 929 488 930 487 930 524 930 524 931 487 931 532 931 524 932 532 932 525 932 525 933 532 933 533 933 525 934 533 934 526 934 526 935 533 935 534 935 526 936 534 936 527 936 527 937 534 937 535 937 527 938 535 938 528 938 528 939 535 939 536 939 528 940 536 940 529 940 529 941 536 941 537 941 529 942 537 942 530 942 530 943 537 943 538 943 530 944 538 944 531 944 531 945 538 945 539 945 531 946 539 946 514 946 514 947 539 947 513 947 514 948 513 948 456 948 456 949 513 949 457 949 459 950 458 950 540 950 540 951 458 951 513 951 540 952 513 952 541 952 541 953 513 953 539 953 541 954 539 954 542 954 542 955 539 955 538 955 542 956 538 956 543 956 543 957 538 957 537 957 543 958 537 958 544 958 544 959 537 959 536 959 544 960 536 960 545 960 545 961 536 961 535 961 545 962 535 962 546 962 546 963 535 963 534 963 546 964 534 964 547 964 547 965 534 965 533 965 547 966 533 966 548 966 548 967 533 967 532 967 548 968 532 968 486 968 486 969 532 969 487 969 486 970 485 970 548 970 548 971 485 971 549 971 548 972 549 972 547 972 547 973 549 973 550 973 547 974 550 974 546 974 546 975 550 975 551 975 546 976 551 976 545 976 545 977 551 977 552 977 545 978 552 978 544 978 544 979 552 979 553 979 544 980 553 980 543 980 543 981 553 981 554 981 543 982 554 982 542 982 542 983 554 983 555 983 542 984 555 984 541 984 541 985 555 985 556 985 541 986 556 986 540 986 540 987 556 987 512 987 540 988 512 988 459 988 459 989 512 989 460 989 485 990 481 990 549 990 549 991 481 991 557 991 549 992 557 992 550 992 550 993 557 993 558 993 550 994 558 994 551 994 551 995 558 995 559 995 551 996 559 996 552 996 552 997 559 997 560 997 552 998 560 998 553 998 553 999 560 999 561 999 553 1000 561 1000 554 1000 554 1001 561 1001 562 1001 554 1002 562 1002 555 1002 555 1003 562 1003 563 1003 555 1004 563 1004 556 1004 556 1005 563 1005 564 1005 556 1006 564 1006 512 1006 512 1007 564 1007 511 1007 512 1008 511 1008 461 1008 461 1009 511 1009 462 1009 464 1010 463 1010 565 1010 565 1011 463 1011 511 1011 565 1012 511 1012 566 1012 566 1013 511 1013 564 1013 566 1014 564 1014 567 1014 567 1015 564 1015 563 1015 567 1016 563 1016 568 1016 568 1017 563 1017 562 1017 568 1018 562 1018 569 1018 569 1019 562 1019 561 1019 569 1020 561 1020 570 1020 570 1021 561 1021 560 1021 570 1022 560 1022 571 1022 571 1023 560 1023 559 1023 571 1024 559 1024 572 1024 572 1025 559 1025 558 1025 572 1026 558 1026 573 1026 573 1027 558 1027 557 1027 573 1028 557 1028 479 1028 479 1029 557 1029 481 1029 479 1030 494 1030 573 1030 573 1031 494 1031 574 1031 573 1032 574 1032 572 1032 572 1033 574 1033 575 1033 572 1034 575 1034 571 1034 571 1035 575 1035 576 1035 571 1036 576 1036 570 1036 570 1037 576 1037 577 1037 570 1038 577 1038 569 1038 569 1039 577 1039 578 1039 569 1040 578 1040 568 1040 568 1041 578 1041 579 1041 568 1042 579 1042 567 1042 567 1043 579 1043 580 1043 567 1044 580 1044 566 1044 566 1045 580 1045 581 1045 566 1046 581 1046 565 1046 565 1047 581 1047 510 1047 565 1048 510 1048 464 1048 464 1049 510 1049 465 1049 494 1050 493 1050 574 1050 574 1051 493 1051 582 1051 574 1052 582 1052 575 1052 575 1053 582 1053 583 1053 575 1054 583 1054 576 1054 576 1055 583 1055 584 1055 576 1056 584 1056 577 1056 577 1057 584 1057 585 1057 577 1058 585 1058 578 1058 578 1059 585 1059 586 1059 578 1060 586 1060 579 1060 579 1061 586 1061 587 1061 579 1062 587 1062 580 1062 580 1063 587 1063 588 1063 580 1064 588 1064 581 1064 581 1065 588 1065 589 1065 581 1066 589 1066 510 1066 510 1067 589 1067 509 1067 510 1068 509 1068 466 1068 466 1069 509 1069 467 1069 469 1070 468 1070 590 1070 590 1071 468 1071 509 1071 590 1072 509 1072 591 1072 591 1073 509 1073 589 1073 591 1074 589 1074 592 1074 592 1075 589 1075 588 1075 592 1076 588 1076 593 1076 593 1077 588 1077 587 1077 593 1078 587 1078 594 1078 594 1079 587 1079 586 1079 594 1080 586 1080 595 1080 595 1081 586 1081 585 1081 595 1082 585 1082 596 1082 596 1083 585 1083 584 1083 596 1084 584 1084 597 1084 597 1085 584 1085 583 1085 597 1086 583 1086 598 1086 598 1087 583 1087 582 1087 598 1088 582 1088 492 1088 492 1089 582 1089 493 1089 492 1090 491 1090 598 1090 598 1091 491 1091 599 1091 598 1092 599 1092 597 1092 597 1093 599 1093 600 1093 597 1094 600 1094 596 1094 596 1095 600 1095 601 1095 596 1096 601 1096 595 1096 595 1097 601 1097 602 1097 595 1098 602 1098 594 1098 594 1099 602 1099 603 1099 594 1100 603 1100 593 1100 593 1101 603 1101 604 1101 593 1102 604 1102 592 1102 592 1103 604 1103 605 1103 592 1104 605 1104 591 1104 591 1105 605 1105 606 1105 591 1106 606 1106 590 1106 590 1107 606 1107 508 1107 590 1108 508 1108 469 1108 469 1109 508 1109 470 1109 491 1110 490 1110 599 1110 599 1111 490 1111 607 1111 599 1112 607 1112 600 1112 600 1113 607 1113 608 1113 600 1114 608 1114 601 1114 601 1115 608 1115 609 1115 601 1116 609 1116 602 1116 602 1117 609 1117 610 1117 602 1118 610 1118 603 1118 603 1119 610 1119 611 1119 603 1120 611 1120 604 1120 604 1121 611 1121 612 1121 604 1122 612 1122 605 1122 605 1123 612 1123 613 1123 605 1124 613 1124 606 1124 606 1125 613 1125 614 1125 606 1126 614 1126 508 1126 508 1127 614 1127 507 1127 508 1128 507 1128 471 1128 471 1129 507 1129 472 1129 474 1130 473 1130 615 1130 615 1131 473 1131 507 1131 615 1132 507 1132 616 1132 616 1133 507 1133 614 1133 616 1134 614 1134 617 1134 617 1135 614 1135 613 1135 617 1136 613 1136 618 1136 618 1137 613 1137 612 1137 618 1138 612 1138 619 1138 619 1139 612 1139 611 1139 619 1140 611 1140 620 1140 620 1141 611 1141 610 1141 620 1142 610 1142 621 1142 621 1143 610 1143 609 1143 621 1144 609 1144 622 1144 622 1145 609 1145 608 1145 622 1146 608 1146 623 1146 623 1147 608 1147 607 1147 623 1148 607 1148 489 1148 489 1149 607 1149 490 1149 489 1150 478 1150 623 1150 623 1151 478 1151 624 1151 623 1152 624 1152 622 1152 622 1153 624 1153 625 1153 622 1154 625 1154 621 1154 621 1155 625 1155 626 1155 621 1156 626 1156 620 1156 620 1157 626 1157 627 1157 620 1158 627 1158 619 1158 619 1159 627 1159 628 1159 619 1160 628 1160 618 1160 618 1161 628 1161 629 1161 618 1162 629 1162 617 1162 617 1163 629 1163 630 1163 617 1164 630 1164 616 1164 616 1165 630 1165 631 1165 616 1166 631 1166 615 1166 615 1167 631 1167 506 1167 615 1168 506 1168 474 1168 474 1169 506 1169 475 1169 478 1170 480 1170 624 1170 624 1171 480 1171 523 1171 624 1172 523 1172 625 1172 625 1173 523 1173 522 1173 625 1174 522 1174 626 1174 626 1175 522 1175 521 1175 626 1176 521 1176 627 1176 627 1177 521 1177 520 1177 627 1178 520 1178 628 1178 628 1179 520 1179 519 1179 628 1180 519 1180 629 1180 629 1181 519 1181 518 1181 629 1182 518 1182 630 1182 630 1183 518 1183 517 1183 630 1184 517 1184 631 1184 631 1185 517 1185 516 1185 631 1186 516 1186 506 1186 506 1187 516 1187 515 1187 506 1188 515 1188 476 1188 476 1189 515 1189 477 1189 13 1190 48 1190 85 1190 85 1191 48 1191 632 1191 85 1192 632 1192 96 1192 96 1193 632 1193 633 1193 96 1194 633 1194 101 1194 101 1195 633 1195 634 1195 101 1196 634 1196 102 1196 102 1197 634 1197 635 1197 102 1198 635 1198 104 1198 104 1199 635 1199 636 1199 104 1200 636 1200 105 1200 105 1201 636 1201 637 1201 105 1202 637 1202 98 1202 98 1203 637 1203 638 1203 98 1204 638 1204 109 1204 109 1205 638 1205 639 1205 109 1206 639 1206 110 1206 110 1207 639 1207 640 1207 110 1208 640 1208 112 1208 112 1209 640 1209 641 1209 112 1210 641 1210 113 1210 113 1211 641 1211 642 1211 113 1212 642 1212 106 1212 106 1213 642 1213 643 1213 106 1214 643 1214 117 1214 117 1215 643 1215 644 1215 117 1216 644 1216 118 1216 118 1217 644 1217 645 1217 118 1218 645 1218 120 1218 120 1219 645 1219 646 1219 120 1220 646 1220 121 1220 121 1221 646 1221 647 1221 121 1222 647 1222 114 1222 114 1223 647 1223 648 1223 114 1224 648 1224 125 1224 125 1225 648 1225 649 1225 125 1226 649 1226 126 1226 126 1227 649 1227 650 1227 126 1228 650 1228 128 1228 128 1229 650 1229 651 1229 128 1230 651 1230 129 1230 129 1231 651 1231 652 1231 129 1232 652 1232 122 1232 122 1233 652 1233 653 1233 122 1234 653 1234 130 1234 130 1235 653 1235 654 1235 130 1236 654 1236 131 1236 131 1237 654 1237 285 1237 653 1238 652 1238 655 1238 651 1239 650 1239 656 1239 648 1240 647 1240 657 1240 646 1241 645 1241 658 1241 643 1242 642 1242 659 1242 638 1243 637 1243 660 1243 633 1244 632 1244 661 1244 2 1245 505 1245 43 1245 43 1246 505 1246 662 1246 43 1247 662 1247 44 1247 44 1248 662 1248 45 1248 45 1249 662 1249 663 1249 45 1250 663 1250 26 1250 664 1251 28 1251 663 1251 663 1252 28 1252 27 1252 663 1253 27 1253 26 1253 32 1254 31 1254 665 1254 665 1255 31 1255 30 1255 665 1256 30 1256 664 1256 664 1257 30 1257 29 1257 664 1258 29 1258 28 1258 32 1259 665 1259 68 1259 68 1260 665 1260 666 1260 68 1261 666 1261 69 1261 69 1262 666 1262 70 1262 70 1263 666 1263 667 1263 70 1264 667 1264 83 1264 83 1265 667 1265 84 1265 84 1266 667 1266 668 1266 84 1267 668 1267 80 1267 80 1268 668 1268 669 1268 80 1269 669 1269 81 1269 81 1270 669 1270 82 1270 82 1271 669 1271 661 1271 82 1272 661 1272 46 1272 46 1273 661 1273 47 1273 47 1274 661 1274 632 1274 47 1275 632 1275 48 1275 502 1276 501 1276 670 1276 670 1277 501 1277 671 1277 670 1278 671 1278 672 1278 672 1279 671 1279 673 1279 672 1280 673 1280 674 1280 674 1281 673 1281 675 1281 674 1282 675 1282 676 1282 676 1283 675 1283 677 1283 676 1284 677 1284 678 1284 678 1285 677 1285 679 1285 678 1286 679 1286 680 1286 680 1287 679 1287 681 1287 680 1288 681 1288 682 1288 682 1289 681 1289 683 1289 682 1290 683 1290 684 1290 684 1291 683 1291 685 1291 684 1292 685 1292 686 1292 686 1293 685 1293 660 1293 499 1294 498 1294 687 1294 687 1295 498 1295 688 1295 687 1296 688 1296 689 1296 689 1297 688 1297 690 1297 689 1298 690 1298 691 1298 691 1299 690 1299 692 1299 691 1300 692 1300 693 1300 693 1301 692 1301 694 1301 693 1302 694 1302 695 1302 695 1303 694 1303 696 1303 695 1304 696 1304 697 1304 697 1305 696 1305 698 1305 697 1306 698 1306 699 1306 699 1307 698 1307 700 1307 699 1308 700 1308 701 1308 701 1309 700 1309 702 1309 701 1310 702 1310 703 1310 703 1311 702 1311 659 1311 634 1312 633 1312 704 1312 704 1313 633 1313 661 1313 704 1314 661 1314 705 1314 705 1315 661 1315 669 1315 705 1316 669 1316 706 1316 706 1317 669 1317 668 1317 706 1318 668 1318 707 1318 707 1319 668 1319 667 1319 707 1320 667 1320 708 1320 708 1321 667 1321 666 1321 708 1322 666 1322 709 1322 709 1323 666 1323 665 1323 709 1324 665 1324 710 1324 710 1325 665 1325 664 1325 710 1326 664 1326 711 1326 711 1327 664 1327 663 1327 711 1328 663 1328 712 1328 712 1329 663 1329 662 1329 712 1330 662 1330 504 1330 504 1331 662 1331 505 1331 504 1332 502 1332 712 1332 712 1333 502 1333 670 1333 712 1334 670 1334 711 1334 711 1335 670 1335 672 1335 711 1336 672 1336 710 1336 710 1337 672 1337 674 1337 710 1338 674 1338 709 1338 709 1339 674 1339 676 1339 709 1340 676 1340 708 1340 708 1341 676 1341 678 1341 708 1342 678 1342 707 1342 707 1343 678 1343 680 1343 707 1344 680 1344 706 1344 706 1345 680 1345 682 1345 706 1346 682 1346 705 1346 705 1347 682 1347 684 1347 705 1348 684 1348 704 1348 704 1349 684 1349 686 1349 704 1350 686 1350 634 1350 634 1351 686 1351 635 1351 660 1352 637 1352 686 1352 686 1353 637 1353 636 1353 686 1354 636 1354 635 1354 639 1355 638 1355 713 1355 713 1356 638 1356 660 1356 713 1357 660 1357 714 1357 714 1358 660 1358 685 1358 714 1359 685 1359 715 1359 715 1360 685 1360 683 1360 715 1361 683 1361 716 1361 716 1362 683 1362 681 1362 716 1363 681 1363 717 1363 717 1364 681 1364 679 1364 717 1365 679 1365 718 1365 718 1366 679 1366 677 1366 718 1367 677 1367 719 1367 719 1368 677 1368 675 1368 719 1369 675 1369 720 1369 720 1370 675 1370 673 1370 720 1371 673 1371 721 1371 721 1372 673 1372 671 1372 721 1373 671 1373 500 1373 500 1374 671 1374 501 1374 500 1375 499 1375 721 1375 721 1376 499 1376 687 1376 721 1377 687 1377 720 1377 720 1378 687 1378 689 1378 720 1379 689 1379 719 1379 719 1380 689 1380 691 1380 719 1381 691 1381 718 1381 718 1382 691 1382 693 1382 718 1383 693 1383 717 1383 717 1384 693 1384 695 1384 717 1385 695 1385 716 1385 716 1386 695 1386 697 1386 716 1387 697 1387 715 1387 715 1388 697 1388 699 1388 715 1389 699 1389 714 1389 714 1390 699 1390 701 1390 714 1391 701 1391 713 1391 713 1392 701 1392 703 1392 713 1393 703 1393 639 1393 639 1394 703 1394 640 1394 659 1395 642 1395 703 1395 703 1396 642 1396 641 1396 703 1397 641 1397 640 1397 644 1398 643 1398 722 1398 722 1399 643 1399 659 1399 722 1400 659 1400 723 1400 723 1401 659 1401 702 1401 723 1402 702 1402 724 1402 724 1403 702 1403 700 1403 724 1404 700 1404 725 1404 725 1405 700 1405 698 1405 725 1406 698 1406 726 1406 726 1407 698 1407 696 1407 726 1408 696 1408 727 1408 727 1409 696 1409 694 1409 727 1410 694 1410 728 1410 728 1411 694 1411 692 1411 728 1412 692 1412 729 1412 729 1413 692 1413 690 1413 729 1414 690 1414 730 1414 730 1415 690 1415 688 1415 730 1416 688 1416 497 1416 497 1417 688 1417 498 1417 497 1418 496 1418 730 1418 730 1419 496 1419 731 1419 730 1420 731 1420 729 1420 729 1421 731 1421 732 1421 729 1422 732 1422 728 1422 728 1423 732 1423 733 1423 728 1424 733 1424 727 1424 727 1425 733 1425 734 1425 727 1426 734 1426 726 1426 726 1427 734 1427 735 1427 726 1428 735 1428 725 1428 725 1429 735 1429 736 1429 725 1430 736 1430 724 1430 724 1431 736 1431 737 1431 724 1432 737 1432 723 1432 723 1433 737 1433 738 1433 723 1434 738 1434 722 1434 722 1435 738 1435 658 1435 722 1436 658 1436 644 1436 644 1437 658 1437 645 1437 647 1438 646 1438 657 1438 657 1439 646 1439 658 1439 657 1440 658 1440 739 1440 739 1441 658 1441 738 1441 739 1442 738 1442 740 1442 740 1443 738 1443 737 1443 740 1444 737 1444 741 1444 741 1445 737 1445 736 1445 741 1446 736 1446 742 1446 742 1447 736 1447 735 1447 742 1448 735 1448 743 1448 743 1449 735 1449 734 1449 743 1450 734 1450 744 1450 744 1451 734 1451 733 1451 744 1452 733 1452 745 1452 745 1453 733 1453 732 1453 745 1454 732 1454 746 1454 746 1455 732 1455 731 1455 746 1456 731 1456 484 1456 484 1457 731 1457 496 1457 649 1458 648 1458 747 1458 747 1459 648 1459 657 1459 747 1460 657 1460 748 1460 748 1461 657 1461 739 1461 748 1462 739 1462 749 1462 749 1463 739 1463 740 1463 749 1464 740 1464 750 1464 750 1465 740 1465 741 1465 750 1466 741 1466 751 1466 751 1467 741 1467 742 1467 751 1468 742 1468 752 1468 752 1469 742 1469 743 1469 752 1470 743 1470 753 1470 753 1471 743 1471 744 1471 753 1472 744 1472 754 1472 754 1473 744 1473 745 1473 754 1474 745 1474 755 1474 755 1475 745 1475 746 1475 755 1476 746 1476 483 1476 483 1477 746 1477 484 1477 483 1478 482 1478 755 1478 755 1479 482 1479 756 1479 755 1480 756 1480 754 1480 754 1481 756 1481 757 1481 754 1482 757 1482 753 1482 753 1483 757 1483 758 1483 753 1484 758 1484 752 1484 752 1485 758 1485 759 1485 752 1486 759 1486 751 1486 751 1487 759 1487 760 1487 751 1488 760 1488 750 1488 750 1489 760 1489 761 1489 750 1490 761 1490 749 1490 749 1491 761 1491 762 1491 749 1492 762 1492 748 1492 748 1493 762 1493 763 1493 748 1494 763 1494 747 1494 747 1495 763 1495 656 1495 747 1496 656 1496 649 1496 649 1497 656 1497 650 1497 652 1498 651 1498 655 1498 655 1499 651 1499 656 1499 655 1500 656 1500 764 1500 764 1501 656 1501 763 1501 764 1502 763 1502 765 1502 765 1503 763 1503 762 1503 765 1504 762 1504 766 1504 766 1505 762 1505 761 1505 766 1506 761 1506 767 1506 767 1507 761 1507 760 1507 767 1508 760 1508 768 1508 768 1509 760 1509 759 1509 768 1510 759 1510 769 1510 769 1511 759 1511 758 1511 769 1512 758 1512 770 1512 770 1513 758 1513 757 1513 770 1514 757 1514 771 1514 771 1515 757 1515 756 1515 771 1516 756 1516 495 1516 495 1517 756 1517 482 1517 654 1518 653 1518 772 1518 772 1519 653 1519 655 1519 772 1520 655 1520 773 1520 773 1521 655 1521 764 1521 773 1522 764 1522 774 1522 774 1523 764 1523 765 1523 774 1524 765 1524 775 1524 775 1525 765 1525 766 1525 775 1526 766 1526 776 1526 776 1527 766 1527 767 1527 776 1528 767 1528 777 1528 777 1529 767 1529 768 1529 777 1530 768 1530 778 1530 778 1531 768 1531 769 1531 778 1532 769 1532 779 1532 779 1533 769 1533 770 1533 779 1534 770 1534 780 1534 780 1535 770 1535 771 1535 780 1536 771 1536 503 1536 503 1537 771 1537 495 1537 503 1538 453 1538 780 1538 780 1539 453 1539 451 1539 780 1540 451 1540 779 1540 779 1541 451 1541 449 1541 779 1542 449 1542 778 1542 778 1543 449 1543 447 1543 778 1544 447 1544 777 1544 777 1545 447 1545 445 1545 777 1546 445 1546 776 1546 776 1547 445 1547 443 1547 776 1548 443 1548 775 1548 775 1549 443 1549 441 1549 775 1550 441 1550 774 1550 774 1551 441 1551 439 1551 774 1552 439 1552 773 1552 773 1553 439 1553 437 1553 773 1554 437 1554 772 1554 772 1555 437 1555 435 1555 772 1556 435 1556 654 1556 654 1557 435 1557 285 1557 781 1558 782 1558 783 1558 783 1559 782 1559 784 1559 783 1560 784 1560 785 1560 785 1561 784 1561 786 1561 785 1562 786 1562 787 1562 787 1563 786 1563 788 1563 787 1564 788 1564 789 1564 789 1565 788 1565 790 1565 789 1566 790 1566 791 1566 791 1567 790 1567 792 1567 791 1568 792 1568 793 1568 793 1569 792 1569 794 1569 793 1570 794 1570 795 1570 795 1571 794 1571 796 1571 795 1572 796 1572 797 1572 797 1573 796 1573 798 1573 797 1574 798 1574 799 1574 799 1575 798 1575 800 1575 799 1576 800 1576 801 1576 801 1577 800 1577 802 1577 801 1578 802 1578 803 1578 803 1579 802 1579 804 1579 803 1580 804 1580 805 1580 805 1581 804 1581 806 1581 805 1582 806 1582 807 1582 807 1583 806 1583 808 1583 807 1584 808 1584 809 1584 809 1585 808 1585 810 1585 809 1586 810 1586 811 1586 811 1587 810 1587 812 1587 811 1588 812 1588 813 1588 813 1589 812 1589 814 1589 813 1590 814 1590 815 1590 815 1591 814 1591 816 1591 817 1592 818 1592 819 1592 819 1593 818 1593 820 1593 819 1594 820 1594 821 1594 821 1595 820 1595 822 1595 821 1596 822 1596 823 1596 823 1597 822 1597 824 1597 823 1598 824 1598 825 1598 825 1599 824 1599 826 1599 825 1600 826 1600 827 1600 827 1601 826 1601 828 1601 827 1602 828 1602 829 1602 829 1603 828 1603 830 1603 829 1604 830 1604 831 1604 831 1605 830 1605 832 1605 831 1606 832 1606 833 1606 833 1607 832 1607 834 1607 833 1608 834 1608 835 1608 835 1609 834 1609 836 1609 835 1610 836 1610 837 1610 837 1611 836 1611 838 1611 837 1612 838 1612 839 1612 839 1613 838 1613 840 1613 839 1614 840 1614 841 1614 841 1615 840 1615 842 1615 841 1616 842 1616 843 1616 843 1617 842 1617 844 1617 843 1618 844 1618 845 1618 845 1619 844 1619 846 1619 845 1620 846 1620 847 1620 847 1621 846 1621 848 1621 847 1622 848 1622 849 1622 849 1623 848 1623 850 1623 849 1624 850 1624 851 1624 851 1625 850 1625 852 1625 851 1626 852 1626 853 1626 853 1627 852 1627 854 1627 853 1628 854 1628 816 1628 816 1629 854 1629 855 1629 816 1630 855 1630 815 1630 856 1631 857 1631 858 1631 858 1632 857 1632 859 1632 858 1633 859 1633 860 1633 860 1634 859 1634 861 1634 860 1635 861 1635 862 1635 862 1636 861 1636 863 1636 862 1637 863 1637 864 1637 864 1638 863 1638 865 1638 864 1639 865 1639 866 1639 866 1640 865 1640 867 1640 866 1641 867 1641 868 1641 868 1642 867 1642 869 1642 868 1643 869 1643 870 1643 870 1644 869 1644 871 1644 870 1645 871 1645 872 1645 872 1646 871 1646 873 1646 872 1647 873 1647 874 1647 874 1648 873 1648 875 1648 874 1649 875 1649 876 1649 876 1650 875 1650 877 1650 876 1651 877 1651 878 1651 878 1652 877 1652 879 1652 878 1653 879 1653 880 1653 880 1654 879 1654 881 1654 880 1655 881 1655 882 1655 882 1656 881 1656 883 1656 882 1657 883 1657 884 1657 884 1658 883 1658 885 1658 884 1659 885 1659 886 1659 886 1660 885 1660 887 1660 886 1661 887 1661 888 1661 888 1662 887 1662 889 1662 888 1663 889 1663 890 1663 890 1664 889 1664 891 1664 890 1665 891 1665 817 1665 817 1666 891 1666 892 1666 817 1667 892 1667 818 1667 8 1668 35 1668 12 1668 10 1669 40 1669 11 1669 11 1670 40 1670 12 1670 10 1671 9 1671 40 1671 40 1672 9 1672 25 1672 40 1673 25 1673 24 1673 40 1674 39 1674 66 1674 21 1675 20 1675 40 1675 40 1676 20 1676 79 1676 63 1677 62 1677 40 1677 40 1678 62 1678 19 1678 40 1679 19 1679 18 1679 18 1680 17 1680 40 1680 40 1681 17 1681 1 1681 40 1682 1 1682 12 1682 12 1683 1 1683 0 1683 12 1684 0 1684 8 1684 67 1685 2 1685 40 1685 67 1686 40 1686 23 1686 23 1687 40 1687 24 1687 37 1688 36 1688 40 1688 40 1689 36 1689 22 1689 40 1690 22 1690 21 1690 35 1691 34 1691 12 1691 12 1692 34 1692 33 1692 12 1693 33 1693 77 1693 6 1694 12 1694 59 1694 59 1695 12 1695 60 1695 66 1696 65 1696 40 1696 40 1697 65 1697 38 1697 40 1698 38 1698 37 1698 77 1699 76 1699 12 1699 12 1700 76 1700 61 1700 12 1701 61 1701 60 1701 79 1702 78 1702 40 1702 40 1703 78 1703 64 1703 40 1704 64 1704 63 1704 893 1705 56 1705 5 1705 894 1706 895 1706 5 1706 896 1707 897 1707 898 1707 899 1708 900 1708 897 1708 899 1709 897 1709 901 1709 895 1710 902 1710 5 1710 5 1711 902 1711 903 1711 5 1712 903 1712 904 1712 900 1713 905 1713 897 1713 897 1714 905 1714 906 1714 897 1715 906 1715 898 1715 894 1716 5 1716 897 1716 897 1717 5 1717 907 1717 897 1718 907 1718 908 1718 904 1719 909 1719 5 1719 5 1720 909 1720 910 1720 5 1721 910 1721 893 1721 908 1722 911 1722 897 1722 897 1723 911 1723 912 1723 897 1724 912 1724 901 1724 896 1725 898 1725 913 1725 913 1726 898 1726 914 1726 913 1727 914 1727 915 1727 916 1728 917 1728 918 1728 915 1729 919 1729 913 1729 913 1730 919 1730 920 1730 913 1731 920 1731 921 1731 921 1732 920 1732 922 1732 923 1733 924 1733 920 1733 920 1734 924 1734 925 1734 916 1735 918 1735 920 1735 920 1736 918 1736 926 1736 920 1737 926 1737 923 1737 925 1738 927 1738 920 1738 920 1739 927 1739 928 1739 920 1740 928 1740 929 1740 920 1741 930 1741 931 1741 929 1742 932 1742 920 1742 920 1743 932 1743 933 1743 920 1744 933 1744 930 1744 931 1745 934 1745 920 1745 920 1746 934 1746 935 1746 920 1747 935 1747 922 1747 936 1748 937 1748 40 1748 936 1749 40 1749 938 1749 937 1750 939 1750 40 1750 40 1751 939 1751 940 1751 40 1752 940 1752 941 1752 942 1753 943 1753 940 1753 940 1754 943 1754 944 1754 942 1755 940 1755 945 1755 945 1756 940 1756 946 1756 945 1757 946 1757 947 1757 944 1758 948 1758 940 1758 940 1759 948 1759 949 1759 940 1760 949 1760 950 1760 2 1761 951 1761 40 1761 40 1762 951 1762 952 1762 953 1763 954 1763 947 1763 952 1764 955 1764 40 1764 40 1765 955 1765 956 1765 40 1766 956 1766 938 1766 954 1767 957 1767 947 1767 947 1768 957 1768 958 1768 947 1769 958 1769 945 1769 950 1770 959 1770 940 1770 940 1771 959 1771 960 1771 940 1772 960 1772 941 1772 961 1773 962 1773 947 1773 947 1774 962 1774 963 1774 947 1775 963 1775 964 1775 947 1776 965 1776 961 1776 961 1777 965 1777 966 1777 961 1778 966 1778 967 1778 964 1779 968 1779 947 1779 947 1780 968 1780 969 1780 947 1781 969 1781 953 1781 967 1782 970 1782 961 1782 961 1783 970 1783 971 1783 961 1784 971 1784 972 1784 972 1785 973 1785 961 1785 961 1786 973 1786 974 1786 961 1787 974 1787 975 1787 975 1788 976 1788 961 1788 961 1789 976 1789 977 1789 961 1790 977 1790 978 1790 795 1791 797 1791 979 1791 791 1792 793 1792 980 1792 785 1793 787 1793 981 1793 781 1794 783 1794 982 1794 982 1795 783 1795 983 1795 982 1796 983 1796 984 1796 984 1797 983 1797 985 1797 984 1798 985 1798 986 1798 986 1799 985 1799 987 1799 986 1800 987 1800 988 1800 988 1801 987 1801 989 1801 988 1802 989 1802 990 1802 990 1803 989 1803 991 1803 990 1804 991 1804 992 1804 992 1805 991 1805 993 1805 992 1806 993 1806 994 1806 994 1807 993 1807 995 1807 994 1808 995 1808 996 1808 996 1809 995 1809 997 1809 996 1810 997 1810 998 1810 998 1811 997 1811 999 1811 998 1812 999 1812 901 1812 901 1813 999 1813 899 1813 783 1814 785 1814 983 1814 983 1815 785 1815 981 1815 983 1816 981 1816 985 1816 985 1817 981 1817 1000 1817 985 1818 1000 1818 987 1818 987 1819 1000 1819 1001 1819 987 1820 1001 1820 989 1820 989 1821 1001 1821 1002 1821 989 1822 1002 1822 991 1822 991 1823 1002 1823 1003 1823 991 1824 1003 1824 993 1824 993 1825 1003 1825 1004 1825 993 1826 1004 1826 995 1826 995 1827 1004 1827 1005 1827 995 1828 1005 1828 997 1828 997 1829 1005 1829 1006 1829 997 1830 1006 1830 999 1830 999 1831 1006 1831 1007 1831 999 1832 1007 1832 899 1832 899 1833 1007 1833 900 1833 787 1834 789 1834 981 1834 981 1835 789 1835 1008 1835 981 1836 1008 1836 1000 1836 1000 1837 1008 1837 1009 1837 1000 1838 1009 1838 1001 1838 1001 1839 1009 1839 1010 1839 1001 1840 1010 1840 1002 1840 1002 1841 1010 1841 1011 1841 1002 1842 1011 1842 1003 1842 1003 1843 1011 1843 1012 1843 1003 1844 1012 1844 1004 1844 1004 1845 1012 1845 1013 1845 1004 1846 1013 1846 1005 1846 1005 1847 1013 1847 1014 1847 1005 1848 1014 1848 1006 1848 1006 1849 1014 1849 1015 1849 1006 1850 1015 1850 1007 1850 1007 1851 1015 1851 1016 1851 1007 1852 1016 1852 900 1852 900 1853 1016 1853 905 1853 789 1854 791 1854 1008 1854 1008 1855 791 1855 980 1855 1008 1856 980 1856 1009 1856 1009 1857 980 1857 1017 1857 1009 1858 1017 1858 1010 1858 1010 1859 1017 1859 1018 1859 1010 1860 1018 1860 1011 1860 1011 1861 1018 1861 1019 1861 1011 1862 1019 1862 1012 1862 1012 1863 1019 1863 1020 1863 1012 1864 1020 1864 1013 1864 1013 1865 1020 1865 1021 1865 1013 1866 1021 1866 1014 1866 1014 1867 1021 1867 1022 1867 1014 1868 1022 1868 1015 1868 1015 1869 1022 1869 1023 1869 1015 1870 1023 1870 1016 1870 1016 1871 1023 1871 1024 1871 1016 1872 1024 1872 905 1872 905 1873 1024 1873 906 1873 793 1874 795 1874 980 1874 980 1875 795 1875 979 1875 980 1876 979 1876 1017 1876 1017 1877 979 1877 1025 1877 1017 1878 1025 1878 1018 1878 1018 1879 1025 1879 1026 1879 1018 1880 1026 1880 1019 1880 1019 1881 1026 1881 1027 1881 1019 1882 1027 1882 1020 1882 1020 1883 1027 1883 1028 1883 1020 1884 1028 1884 1021 1884 1021 1885 1028 1885 1029 1885 1021 1886 1029 1886 1022 1886 1022 1887 1029 1887 1030 1887 1022 1888 1030 1888 1023 1888 1023 1889 1030 1889 1031 1889 1023 1890 1031 1890 1024 1890 1024 1891 1031 1891 1032 1891 1024 1892 1032 1892 906 1892 906 1893 1032 1893 898 1893 797 1894 799 1894 979 1894 979 1895 799 1895 1033 1895 979 1896 1033 1896 1025 1896 1025 1897 1033 1897 1034 1897 1025 1898 1034 1898 1026 1898 1026 1899 1034 1899 1035 1899 1026 1900 1035 1900 1027 1900 1027 1901 1035 1901 1036 1901 1027 1902 1036 1902 1028 1902 1028 1903 1036 1903 1037 1903 1028 1904 1037 1904 1029 1904 1029 1905 1037 1905 1038 1905 1029 1906 1038 1906 1030 1906 1030 1907 1038 1907 1039 1907 1030 1908 1039 1908 1031 1908 1031 1909 1039 1909 1040 1909 1031 1910 1040 1910 1032 1910 1032 1911 1040 1911 1041 1911 1032 1912 1041 1912 898 1912 898 1913 1041 1913 914 1913 861 1914 859 1914 1042 1914 867 1915 865 1915 1043 1915 867 1916 1043 1916 869 1916 875 1917 873 1917 1044 1917 1044 1918 873 1918 1045 1918 1044 1919 1045 1919 1046 1919 1046 1920 1045 1920 1047 1920 1046 1921 1047 1921 1048 1921 1048 1922 1047 1922 1049 1922 1048 1923 1049 1923 1050 1923 1050 1924 1049 1924 1051 1924 1050 1925 1051 1925 1052 1925 1052 1926 1051 1926 1053 1926 1052 1927 1053 1927 1054 1927 1054 1928 1053 1928 1055 1928 1054 1929 1055 1929 1056 1929 1056 1930 1055 1930 1057 1930 1056 1931 1057 1931 1058 1931 1058 1932 1057 1932 1059 1932 1058 1933 1059 1933 1060 1933 1060 1934 1059 1934 1061 1934 1060 1935 1061 1935 913 1935 913 1936 1061 1936 896 1936 873 1937 871 1937 1045 1937 1045 1938 871 1938 1062 1938 1045 1939 1062 1939 1047 1939 1047 1940 1062 1940 1063 1940 1047 1941 1063 1941 1049 1941 1049 1942 1063 1942 1064 1942 1049 1943 1064 1943 1051 1943 1051 1944 1064 1944 1065 1944 1051 1945 1065 1945 1053 1945 1053 1946 1065 1946 1066 1946 1053 1947 1066 1947 1055 1947 1055 1948 1066 1948 1067 1948 1055 1949 1067 1949 1057 1949 1057 1950 1067 1950 1068 1950 1057 1951 1068 1951 1059 1951 1059 1952 1068 1952 1069 1952 1059 1953 1069 1953 1061 1953 1061 1954 1069 1954 1070 1954 1061 1955 1070 1955 896 1955 896 1956 1070 1956 897 1956 871 1957 869 1957 1062 1957 1062 1958 869 1958 1043 1958 1062 1959 1043 1959 1063 1959 1063 1960 1043 1960 1071 1960 1063 1961 1071 1961 1064 1961 1064 1962 1071 1962 1072 1962 1064 1963 1072 1963 1065 1963 1065 1964 1072 1964 1073 1964 1065 1965 1073 1965 1066 1965 1066 1966 1073 1966 1074 1966 1066 1967 1074 1967 1067 1967 1067 1968 1074 1968 1075 1968 1067 1969 1075 1969 1068 1969 1068 1970 1075 1970 1076 1970 1068 1971 1076 1971 1069 1971 1069 1972 1076 1972 1077 1972 1069 1973 1077 1973 1070 1973 1070 1974 1077 1974 1078 1974 1070 1975 1078 1975 897 1975 897 1976 1078 1976 894 1976 865 1977 863 1977 1043 1977 1043 1978 863 1978 1079 1978 1043 1979 1079 1979 1071 1979 1071 1980 1079 1980 1080 1980 1071 1981 1080 1981 1072 1981 1072 1982 1080 1982 1081 1982 1072 1983 1081 1983 1073 1983 1073 1984 1081 1984 1082 1984 1073 1985 1082 1985 1074 1985 1074 1986 1082 1986 1083 1986 1074 1987 1083 1987 1075 1987 1075 1988 1083 1988 1084 1988 1075 1989 1084 1989 1076 1989 1076 1990 1084 1990 1085 1990 1076 1991 1085 1991 1077 1991 1077 1992 1085 1992 1086 1992 1077 1993 1086 1993 1078 1993 1078 1994 1086 1994 1087 1994 1078 1995 1087 1995 894 1995 894 1996 1087 1996 895 1996 863 1997 861 1997 1079 1997 1079 1998 861 1998 1042 1998 1079 1999 1042 1999 1080 1999 1080 2000 1042 2000 1088 2000 1080 2001 1088 2001 1081 2001 1081 2002 1088 2002 1089 2002 1081 2003 1089 2003 1082 2003 1082 2004 1089 2004 1090 2004 1082 2005 1090 2005 1083 2005 1083 2006 1090 2006 1091 2006 1083 2007 1091 2007 1084 2007 1084 2008 1091 2008 1092 2008 1084 2009 1092 2009 1085 2009 1085 2010 1092 2010 1093 2010 1085 2011 1093 2011 1086 2011 1086 2012 1093 2012 1094 2012 1086 2013 1094 2013 1087 2013 1087 2014 1094 2014 1095 2014 1087 2015 1095 2015 895 2015 895 2016 1095 2016 902 2016 859 2017 857 2017 1042 2017 1042 2018 857 2018 1096 2018 1042 2019 1096 2019 1088 2019 1088 2020 1096 2020 1097 2020 1088 2021 1097 2021 1089 2021 1089 2022 1097 2022 1098 2022 1089 2023 1098 2023 1090 2023 1090 2024 1098 2024 1099 2024 1090 2025 1099 2025 1091 2025 1091 2026 1099 2026 1100 2026 1091 2027 1100 2027 1092 2027 1092 2028 1100 2028 1101 2028 1092 2029 1101 2029 1093 2029 1093 2030 1101 2030 1102 2030 1093 2031 1102 2031 1094 2031 1094 2032 1102 2032 1103 2032 1094 2033 1103 2033 1095 2033 1095 2034 1103 2034 1104 2034 1095 2035 1104 2035 902 2035 902 2036 1104 2036 903 2036 796 2037 794 2037 1105 2037 786 2038 784 2038 1106 2038 943 2039 942 2039 1107 2039 1107 2040 942 2040 1108 2040 1107 2041 1108 2041 1109 2041 1109 2042 1108 2042 1110 2042 1109 2043 1110 2043 1111 2043 1111 2044 1110 2044 1112 2044 1111 2045 1112 2045 1113 2045 1113 2046 1112 2046 1114 2046 1113 2047 1114 2047 1115 2047 1115 2048 1114 2048 1116 2048 1115 2049 1116 2049 1117 2049 1117 2050 1116 2050 1118 2050 1117 2051 1118 2051 1119 2051 1119 2052 1118 2052 1120 2052 1119 2053 1120 2053 1121 2053 1121 2054 1120 2054 1122 2054 1121 2055 1122 2055 1123 2055 1123 2056 1122 2056 1105 2056 949 2057 948 2057 1124 2057 1124 2058 948 2058 1125 2058 1124 2059 1125 2059 1126 2059 1126 2060 1125 2060 1127 2060 1126 2061 1127 2061 1128 2061 1128 2062 1127 2062 1129 2062 1128 2063 1129 2063 1130 2063 1130 2064 1129 2064 1131 2064 1130 2065 1131 2065 1132 2065 1132 2066 1131 2066 1133 2066 1132 2067 1133 2067 1134 2067 1134 2068 1133 2068 1135 2068 1134 2069 1135 2069 1136 2069 1136 2070 1135 2070 1137 2070 1136 2071 1137 2071 1138 2071 1138 2072 1137 2072 1139 2072 1138 2073 1139 2073 1140 2073 1140 2074 1139 2074 1106 2074 1140 2075 1106 2075 782 2075 782 2076 1106 2076 784 2076 788 2077 786 2077 1141 2077 1141 2078 786 2078 1106 2078 1141 2079 1106 2079 1142 2079 1142 2080 1106 2080 1139 2080 1142 2081 1139 2081 1143 2081 1143 2082 1139 2082 1137 2082 1143 2083 1137 2083 1144 2083 1144 2084 1137 2084 1135 2084 1144 2085 1135 2085 1145 2085 1145 2086 1135 2086 1133 2086 1145 2087 1133 2087 1146 2087 1146 2088 1133 2088 1131 2088 1146 2089 1131 2089 1147 2089 1147 2090 1131 2090 1129 2090 1147 2091 1129 2091 1148 2091 1148 2092 1129 2092 1127 2092 1148 2093 1127 2093 1149 2093 1149 2094 1127 2094 1125 2094 1149 2095 1125 2095 944 2095 944 2096 1125 2096 948 2096 944 2097 943 2097 1149 2097 1149 2098 943 2098 1107 2098 1149 2099 1107 2099 1148 2099 1148 2100 1107 2100 1109 2100 1148 2101 1109 2101 1147 2101 1147 2102 1109 2102 1111 2102 1147 2103 1111 2103 1146 2103 1146 2104 1111 2104 1113 2104 1146 2105 1113 2105 1145 2105 1145 2106 1113 2106 1115 2106 1145 2107 1115 2107 1144 2107 1144 2108 1115 2108 1117 2108 1144 2109 1117 2109 1143 2109 1143 2110 1117 2110 1119 2110 1143 2111 1119 2111 1142 2111 1142 2112 1119 2112 1121 2112 1142 2113 1121 2113 1141 2113 1141 2114 1121 2114 1123 2114 1141 2115 1123 2115 788 2115 788 2116 1123 2116 790 2116 1105 2117 794 2117 1123 2117 1123 2118 794 2118 792 2118 1123 2119 792 2119 790 2119 798 2120 796 2120 1150 2120 1150 2121 796 2121 1105 2121 1150 2122 1105 2122 1151 2122 1151 2123 1105 2123 1122 2123 1151 2124 1122 2124 1152 2124 1152 2125 1122 2125 1120 2125 1152 2126 1120 2126 1153 2126 1153 2127 1120 2127 1118 2127 1153 2128 1118 2128 1154 2128 1154 2129 1118 2129 1116 2129 1154 2130 1116 2130 1155 2130 1155 2131 1116 2131 1114 2131 1155 2132 1114 2132 1156 2132 1156 2133 1114 2133 1112 2133 1156 2134 1112 2134 1157 2134 1157 2135 1112 2135 1110 2135 1157 2136 1110 2136 1158 2136 1158 2137 1110 2137 1108 2137 1158 2138 1108 2138 945 2138 945 2139 1108 2139 942 2139 945 2140 958 2140 1158 2140 1158 2141 958 2141 1159 2141 1158 2142 1159 2142 1157 2142 1157 2143 1159 2143 1160 2143 1157 2144 1160 2144 1156 2144 1156 2145 1160 2145 1161 2145 1156 2146 1161 2146 1155 2146 1155 2147 1161 2147 1162 2147 1155 2148 1162 2148 1154 2148 1154 2149 1162 2149 1163 2149 1154 2150 1163 2150 1153 2150 1153 2151 1163 2151 1164 2151 1153 2152 1164 2152 1152 2152 1152 2153 1164 2153 1165 2153 1152 2154 1165 2154 1151 2154 1151 2155 1165 2155 1166 2155 1151 2156 1166 2156 1150 2156 1150 2157 1166 2157 1167 2157 1150 2158 1167 2158 798 2158 798 2159 1167 2159 800 2159 860 2160 862 2160 1168 2160 866 2161 868 2161 1169 2161 870 2162 872 2162 1170 2162 947 2163 946 2163 1171 2163 1171 2164 946 2164 1172 2164 1171 2165 1172 2165 1173 2165 1173 2166 1172 2166 1174 2166 1173 2167 1174 2167 1175 2167 1175 2168 1174 2168 1176 2168 1175 2169 1176 2169 1177 2169 1177 2170 1176 2170 1178 2170 1177 2171 1178 2171 1179 2171 1179 2172 1178 2172 1180 2172 1179 2173 1180 2173 1181 2173 1181 2174 1180 2174 1182 2174 1181 2175 1182 2175 1183 2175 1183 2176 1182 2176 1184 2176 1183 2177 1184 2177 1185 2177 1185 2178 1184 2178 1186 2178 1185 2179 1186 2179 1187 2179 1187 2180 1186 2180 1170 2180 1187 2181 1170 2181 874 2181 874 2182 1170 2182 872 2182 946 2183 940 2183 1172 2183 1172 2184 940 2184 1188 2184 1172 2185 1188 2185 1174 2185 1174 2186 1188 2186 1189 2186 1174 2187 1189 2187 1176 2187 1176 2188 1189 2188 1190 2188 1176 2189 1190 2189 1178 2189 1178 2190 1190 2190 1191 2190 1178 2191 1191 2191 1180 2191 1180 2192 1191 2192 1192 2192 1180 2193 1192 2193 1182 2193 1182 2194 1192 2194 1193 2194 1182 2195 1193 2195 1184 2195 1184 2196 1193 2196 1194 2196 1184 2197 1194 2197 1186 2197 1186 2198 1194 2198 1195 2198 1186 2199 1195 2199 1170 2199 1170 2200 1195 2200 1169 2200 1170 2201 1169 2201 870 2201 870 2202 1169 2202 868 2202 864 2203 866 2203 1196 2203 1196 2204 866 2204 1169 2204 1196 2205 1169 2205 1197 2205 1197 2206 1169 2206 1195 2206 1197 2207 1195 2207 1198 2207 1198 2208 1195 2208 1194 2208 1198 2209 1194 2209 1199 2209 1199 2210 1194 2210 1193 2210 1199 2211 1193 2211 1200 2211 1200 2212 1193 2212 1192 2212 1200 2213 1192 2213 1201 2213 1201 2214 1192 2214 1191 2214 1201 2215 1191 2215 1202 2215 1202 2216 1191 2216 1190 2216 1202 2217 1190 2217 1203 2217 1203 2218 1190 2218 1189 2218 1203 2219 1189 2219 1204 2219 1204 2220 1189 2220 1188 2220 1204 2221 1188 2221 939 2221 939 2222 1188 2222 940 2222 939 2223 937 2223 1204 2223 1204 2224 937 2224 1205 2224 1204 2225 1205 2225 1203 2225 1203 2226 1205 2226 1206 2226 1203 2227 1206 2227 1202 2227 1202 2228 1206 2228 1207 2228 1202 2229 1207 2229 1201 2229 1201 2230 1207 2230 1208 2230 1201 2231 1208 2231 1200 2231 1200 2232 1208 2232 1209 2232 1200 2233 1209 2233 1199 2233 1199 2234 1209 2234 1210 2234 1199 2235 1210 2235 1198 2235 1198 2236 1210 2236 1211 2236 1198 2237 1211 2237 1197 2237 1197 2238 1211 2238 1212 2238 1197 2239 1212 2239 1196 2239 1196 2240 1212 2240 1168 2240 1196 2241 1168 2241 864 2241 864 2242 1168 2242 862 2242 937 2243 936 2243 1205 2243 1205 2244 936 2244 1213 2244 1205 2245 1213 2245 1206 2245 1206 2246 1213 2246 1214 2246 1206 2247 1214 2247 1207 2247 1207 2248 1214 2248 1215 2248 1207 2249 1215 2249 1208 2249 1208 2250 1215 2250 1216 2250 1208 2251 1216 2251 1209 2251 1209 2252 1216 2252 1217 2252 1209 2253 1217 2253 1210 2253 1210 2254 1217 2254 1218 2254 1210 2255 1218 2255 1211 2255 1211 2256 1218 2256 1219 2256 1211 2257 1219 2257 1212 2257 1212 2258 1219 2258 1220 2258 1212 2259 1220 2259 1168 2259 1168 2260 1220 2260 1221 2260 1168 2261 1221 2261 860 2261 860 2262 1221 2262 858 2262 936 2263 938 2263 1213 2263 1213 2264 938 2264 1222 2264 1213 2265 1222 2265 1214 2265 1214 2266 1222 2266 1223 2266 1214 2267 1223 2267 1215 2267 1215 2268 1223 2268 1224 2268 1215 2269 1224 2269 1216 2269 1216 2270 1224 2270 1225 2270 1216 2271 1225 2271 1217 2271 1217 2272 1225 2272 1226 2272 1217 2273 1226 2273 1218 2273 1218 2274 1226 2274 1227 2274 1218 2275 1227 2275 1219 2275 1219 2276 1227 2276 1228 2276 1219 2277 1228 2277 1220 2277 1220 2278 1228 2278 1229 2278 1220 2279 1229 2279 1221 2279 1221 2280 1229 2280 1230 2280 1221 2281 1230 2281 858 2281 858 2282 1230 2282 856 2282 1231 2283 1232 2283 1233 2283 52 2284 53 2284 1234 2284 893 2285 1235 2285 56 2285 56 2286 1235 2286 55 2286 1234 2287 53 2287 1236 2287 53 2288 54 2288 1236 2288 1236 2289 54 2289 58 2289 1236 2290 58 2290 1235 2290 1235 2291 58 2291 57 2291 1235 2292 57 2292 55 2292 74 2293 75 2293 1237 2293 1237 2294 75 2294 3 2294 1237 2295 3 2295 1234 2295 1234 2296 3 2296 4 2296 1234 2297 4 2297 52 2297 1237 2298 1238 2298 74 2298 74 2299 1238 2299 1239 2299 74 2300 1239 2300 73 2300 1240 2301 1241 2301 50 2301 50 2302 51 2302 1240 2302 1240 2303 51 2303 71 2303 1240 2304 71 2304 1239 2304 1239 2305 71 2305 72 2305 1239 2306 72 2306 73 2306 1242 2307 1243 2307 1244 2307 1244 2308 1243 2308 13 2308 1244 2309 13 2309 14 2309 14 2310 15 2310 1244 2310 1244 2311 15 2311 16 2311 1244 2312 16 2312 1241 2312 1241 2313 16 2313 49 2313 1241 2314 49 2314 50 2314 857 2315 1245 2315 1096 2315 1096 2316 1245 2316 1246 2316 1096 2317 1246 2317 1097 2317 1097 2318 1246 2318 1247 2318 1097 2319 1247 2319 1098 2319 1098 2320 1247 2320 1248 2320 1098 2321 1248 2321 1099 2321 1099 2322 1248 2322 1249 2322 1099 2323 1249 2323 1100 2323 1100 2324 1249 2324 1250 2324 1100 2325 1250 2325 1101 2325 1101 2326 1250 2326 1251 2326 1101 2327 1251 2327 1102 2327 1102 2328 1251 2328 1252 2328 1102 2329 1252 2329 1103 2329 1103 2330 1252 2330 1253 2330 1103 2331 1253 2331 1104 2331 1104 2332 1253 2332 1254 2332 1104 2333 1254 2333 903 2333 903 2334 1254 2334 904 2334 1245 2335 1231 2335 1246 2335 1246 2336 1231 2336 1233 2336 1246 2337 1233 2337 1247 2337 1247 2338 1233 2338 1255 2338 1247 2339 1255 2339 1248 2339 1248 2340 1255 2340 1256 2340 1248 2341 1256 2341 1249 2341 1249 2342 1256 2342 1257 2342 1249 2343 1257 2343 1250 2343 1250 2344 1257 2344 1258 2344 1250 2345 1258 2345 1251 2345 1251 2346 1258 2346 1259 2346 1251 2347 1259 2347 1252 2347 1252 2348 1259 2348 1260 2348 1252 2349 1260 2349 1253 2349 1253 2350 1260 2350 1261 2350 1253 2351 1261 2351 1254 2351 1254 2352 1261 2352 1262 2352 1254 2353 1262 2353 904 2353 904 2354 1262 2354 909 2354 1232 2355 1263 2355 1233 2355 1233 2356 1263 2356 1264 2356 1233 2357 1264 2357 1255 2357 1255 2358 1264 2358 1265 2358 1255 2359 1265 2359 1256 2359 1256 2360 1265 2360 1266 2360 1256 2361 1266 2361 1257 2361 1257 2362 1266 2362 1267 2362 1257 2363 1267 2363 1258 2363 1258 2364 1267 2364 1268 2364 1258 2365 1268 2365 1259 2365 1259 2366 1268 2366 1269 2366 1259 2367 1269 2367 1260 2367 1260 2368 1269 2368 1270 2368 1260 2369 1270 2369 1261 2369 1261 2370 1270 2370 1271 2370 1261 2371 1271 2371 1262 2371 1262 2372 1271 2372 1272 2372 1262 2373 1272 2373 909 2373 909 2374 1272 2374 910 2374 1263 2375 1242 2375 1264 2375 1264 2376 1242 2376 1244 2376 1264 2377 1244 2377 1265 2377 1265 2378 1244 2378 1241 2378 1265 2379 1241 2379 1266 2379 1266 2380 1241 2380 1240 2380 1266 2381 1240 2381 1267 2381 1267 2382 1240 2382 1239 2382 1267 2383 1239 2383 1268 2383 1268 2384 1239 2384 1238 2384 1268 2385 1238 2385 1269 2385 1269 2386 1238 2386 1237 2386 1269 2387 1237 2387 1270 2387 1270 2388 1237 2388 1234 2388 1270 2389 1234 2389 1271 2389 1271 2390 1234 2390 1236 2390 1271 2391 1236 2391 1272 2391 1272 2392 1236 2392 1235 2392 1272 2393 1235 2393 910 2393 910 2394 1235 2394 893 2394 857 2395 856 2395 1245 2395 1245 2396 856 2396 1273 2396 1245 2397 1273 2397 1231 2397 1231 2398 1273 2398 1274 2398 1231 2399 1274 2399 1232 2399 1232 2400 1274 2400 1275 2400 1232 2401 1275 2401 1263 2401 1263 2402 1275 2402 1276 2402 1263 2403 1276 2403 1242 2403 1242 2404 1276 2404 1277 2404 1242 2405 1277 2405 1243 2405 1243 2406 1277 2406 1278 2406 1243 2407 1278 2407 13 2407 13 2408 1278 2408 48 2408 1277 2409 1276 2409 1279 2409 1274 2410 1273 2410 1280 2410 70 2411 83 2411 1281 2411 48 2412 1278 2412 47 2412 47 2413 1278 2413 1282 2413 47 2414 1282 2414 46 2414 46 2415 1282 2415 82 2415 82 2416 1282 2416 1283 2416 82 2417 1283 2417 81 2417 81 2418 1283 2418 1284 2418 81 2419 1284 2419 80 2419 1281 2420 83 2420 1284 2420 1284 2421 83 2421 84 2421 1284 2422 84 2422 80 2422 70 2423 1281 2423 69 2423 69 2424 1281 2424 1285 2424 69 2425 1285 2425 68 2425 68 2426 1285 2426 1286 2426 68 2427 1286 2427 32 2427 32 2428 1286 2428 31 2428 31 2429 1286 2429 1287 2429 31 2430 1287 2430 30 2430 1288 2431 28 2431 1287 2431 1287 2432 28 2432 29 2432 1287 2433 29 2433 30 2433 44 2434 45 2434 1289 2434 1289 2435 45 2435 26 2435 1289 2436 26 2436 1288 2436 1288 2437 26 2437 27 2437 1288 2438 27 2438 28 2438 44 2439 1289 2439 43 2439 43 2440 1289 2440 951 2440 43 2441 951 2441 2 2441 938 2442 956 2442 1222 2442 1222 2443 956 2443 1290 2443 1222 2444 1290 2444 1223 2444 1223 2445 1290 2445 1291 2445 1223 2446 1291 2446 1224 2446 1224 2447 1291 2447 1292 2447 1224 2448 1292 2448 1225 2448 1225 2449 1292 2449 1293 2449 1225 2450 1293 2450 1226 2450 1226 2451 1293 2451 1294 2451 1226 2452 1294 2452 1227 2452 1227 2453 1294 2453 1295 2453 1227 2454 1295 2454 1228 2454 1228 2455 1295 2455 1296 2455 1228 2456 1296 2456 1229 2456 1229 2457 1296 2457 1297 2457 1229 2458 1297 2458 1230 2458 1230 2459 1297 2459 1280 2459 1230 2460 1280 2460 856 2460 856 2461 1280 2461 1273 2461 1275 2462 1274 2462 1298 2462 1298 2463 1274 2463 1280 2463 1298 2464 1280 2464 1299 2464 1299 2465 1280 2465 1297 2465 1299 2466 1297 2466 1300 2466 1300 2467 1297 2467 1296 2467 1300 2468 1296 2468 1301 2468 1301 2469 1296 2469 1295 2469 1301 2470 1295 2470 1302 2470 1302 2471 1295 2471 1294 2471 1302 2472 1294 2472 1303 2472 1303 2473 1294 2473 1293 2473 1303 2474 1293 2474 1304 2474 1304 2475 1293 2475 1292 2475 1304 2476 1292 2476 1305 2476 1305 2477 1292 2477 1291 2477 1305 2478 1291 2478 1306 2478 1306 2479 1291 2479 1290 2479 1306 2480 1290 2480 955 2480 955 2481 1290 2481 956 2481 955 2482 952 2482 1306 2482 1306 2483 952 2483 1307 2483 1306 2484 1307 2484 1305 2484 1305 2485 1307 2485 1308 2485 1305 2486 1308 2486 1304 2486 1304 2487 1308 2487 1309 2487 1304 2488 1309 2488 1303 2488 1303 2489 1309 2489 1310 2489 1303 2490 1310 2490 1302 2490 1302 2491 1310 2491 1311 2491 1302 2492 1311 2492 1301 2492 1301 2493 1311 2493 1312 2493 1301 2494 1312 2494 1300 2494 1300 2495 1312 2495 1313 2495 1300 2496 1313 2496 1299 2496 1299 2497 1313 2497 1314 2497 1299 2498 1314 2498 1298 2498 1298 2499 1314 2499 1279 2499 1298 2500 1279 2500 1275 2500 1275 2501 1279 2501 1276 2501 952 2502 951 2502 1307 2502 1307 2503 951 2503 1289 2503 1307 2504 1289 2504 1308 2504 1308 2505 1289 2505 1288 2505 1308 2506 1288 2506 1309 2506 1309 2507 1288 2507 1287 2507 1309 2508 1287 2508 1310 2508 1310 2509 1287 2509 1286 2509 1310 2510 1286 2510 1311 2510 1311 2511 1286 2511 1285 2511 1311 2512 1285 2512 1312 2512 1312 2513 1285 2513 1281 2513 1312 2514 1281 2514 1313 2514 1313 2515 1281 2515 1284 2515 1313 2516 1284 2516 1314 2516 1314 2517 1284 2517 1283 2517 1314 2518 1283 2518 1279 2518 1279 2519 1283 2519 1282 2519 1279 2520 1282 2520 1277 2520 1277 2521 1282 2521 1278 2521 1315 2522 1316 2522 1317 2522 1318 2523 1319 2523 1320 2523 1321 2524 1322 2524 0 2524 0 2525 1322 2525 8 2525 77 2526 33 2526 1323 2526 1323 2527 33 2527 34 2527 1323 2528 34 2528 1322 2528 1322 2529 34 2529 35 2529 1322 2530 35 2530 8 2530 1323 2531 1324 2531 77 2531 77 2532 1324 2532 1325 2532 77 2533 1325 2533 76 2533 1326 2534 60 2534 1325 2534 1325 2535 60 2535 61 2535 1325 2536 61 2536 76 2536 1327 2537 12 2537 1328 2537 1328 2538 12 2538 6 2538 1328 2539 6 2539 1326 2539 1326 2540 6 2540 59 2540 1326 2541 59 2541 60 2541 1329 2542 10 2542 1327 2542 1327 2543 10 2543 11 2543 1327 2544 11 2544 12 2544 23 2545 24 2545 1330 2545 1330 2546 24 2546 25 2546 1330 2547 25 2547 1329 2547 1329 2548 25 2548 9 2548 1329 2549 9 2549 10 2549 23 2550 1330 2550 67 2550 67 2551 1330 2551 907 2551 67 2552 907 2552 5 2552 1321 2553 1318 2553 1322 2553 1322 2554 1318 2554 1320 2554 1322 2555 1320 2555 1323 2555 1323 2556 1320 2556 1331 2556 1323 2557 1331 2557 1324 2557 1324 2558 1331 2558 1332 2558 1324 2559 1332 2559 1325 2559 1325 2560 1332 2560 1333 2560 1325 2561 1333 2561 1326 2561 1326 2562 1333 2562 1334 2562 1326 2563 1334 2563 1328 2563 1328 2564 1334 2564 1335 2564 1328 2565 1335 2565 1327 2565 1327 2566 1335 2566 1336 2566 1327 2567 1336 2567 1329 2567 1329 2568 1336 2568 1337 2568 1329 2569 1337 2569 1330 2569 1330 2570 1337 2570 1338 2570 1330 2571 1338 2571 907 2571 907 2572 1338 2572 908 2572 1319 2573 1339 2573 1320 2573 1320 2574 1339 2574 1340 2574 1320 2575 1340 2575 1331 2575 1331 2576 1340 2576 1341 2576 1331 2577 1341 2577 1332 2577 1332 2578 1341 2578 1342 2578 1332 2579 1342 2579 1333 2579 1333 2580 1342 2580 1343 2580 1333 2581 1343 2581 1334 2581 1334 2582 1343 2582 1344 2582 1334 2583 1344 2583 1335 2583 1335 2584 1344 2584 1345 2584 1335 2585 1345 2585 1336 2585 1336 2586 1345 2586 1346 2586 1336 2587 1346 2587 1337 2587 1337 2588 1346 2588 1347 2588 1337 2589 1347 2589 1338 2589 1338 2590 1347 2590 1348 2590 1338 2591 1348 2591 908 2591 908 2592 1348 2592 911 2592 1339 2593 1315 2593 1340 2593 1340 2594 1315 2594 1317 2594 1340 2595 1317 2595 1341 2595 1341 2596 1317 2596 1349 2596 1341 2597 1349 2597 1342 2597 1342 2598 1349 2598 1350 2598 1342 2599 1350 2599 1343 2599 1343 2600 1350 2600 1351 2600 1343 2601 1351 2601 1344 2601 1344 2602 1351 2602 1352 2602 1344 2603 1352 2603 1345 2603 1345 2604 1352 2604 1353 2604 1345 2605 1353 2605 1346 2605 1346 2606 1353 2606 1354 2606 1346 2607 1354 2607 1347 2607 1347 2608 1354 2608 1355 2608 1347 2609 1355 2609 1348 2609 1348 2610 1355 2610 1356 2610 1348 2611 1356 2611 911 2611 911 2612 1356 2612 912 2612 1316 2613 781 2613 1317 2613 1317 2614 781 2614 982 2614 1317 2615 982 2615 1349 2615 1349 2616 982 2616 984 2616 1349 2617 984 2617 1350 2617 1350 2618 984 2618 986 2618 1350 2619 986 2619 1351 2619 1351 2620 986 2620 988 2620 1351 2621 988 2621 1352 2621 1352 2622 988 2622 990 2622 1352 2623 990 2623 1353 2623 1353 2624 990 2624 992 2624 1353 2625 992 2625 1354 2625 1354 2626 992 2626 994 2626 1354 2627 994 2627 1355 2627 1355 2628 994 2628 996 2628 1355 2629 996 2629 1356 2629 1356 2630 996 2630 998 2630 1356 2631 998 2631 912 2631 912 2632 998 2632 901 2632 0 2633 1 2633 1321 2633 1321 2634 1 2634 1357 2634 1321 2635 1357 2635 1318 2635 1318 2636 1357 2636 1358 2636 1318 2637 1358 2637 1319 2637 1319 2638 1358 2638 1359 2638 1319 2639 1359 2639 1339 2639 1339 2640 1359 2640 1360 2640 1339 2641 1360 2641 1315 2641 1315 2642 1360 2642 1361 2642 1315 2643 1361 2643 1316 2643 1316 2644 1361 2644 1362 2644 1316 2645 1362 2645 781 2645 781 2646 1362 2646 782 2646 1361 2647 1360 2647 1363 2647 1358 2648 1357 2648 1364 2648 62 2649 63 2649 1365 2649 20 2650 21 2650 1366 2650 40 2651 941 2651 1367 2651 40 2652 1367 2652 42 2652 42 2653 1367 2653 1368 2653 42 2654 1368 2654 41 2654 1369 2655 1370 2655 38 2655 38 2656 65 2656 1369 2656 1369 2657 65 2657 66 2657 1369 2658 66 2658 1368 2658 1368 2659 66 2659 39 2659 1368 2660 39 2660 41 2660 1366 2661 21 2661 1371 2661 21 2662 22 2662 1371 2662 1371 2663 22 2663 36 2663 1371 2664 36 2664 1370 2664 1370 2665 36 2665 37 2665 1370 2666 37 2666 38 2666 1365 2667 63 2667 1372 2667 63 2668 64 2668 1372 2668 1372 2669 64 2669 78 2669 1372 2670 78 2670 1366 2670 1366 2671 78 2671 79 2671 1366 2672 79 2672 20 2672 62 2673 1365 2673 19 2673 19 2674 1365 2674 1364 2674 19 2675 1364 2675 18 2675 18 2676 1364 2676 17 2676 17 2677 1364 2677 1357 2677 17 2678 1357 2678 1 2678 1359 2679 1358 2679 1373 2679 1373 2680 1358 2680 1364 2680 1373 2681 1364 2681 1374 2681 1374 2682 1364 2682 1365 2682 1374 2683 1365 2683 1375 2683 1375 2684 1365 2684 1372 2684 1375 2685 1372 2685 1376 2685 1376 2686 1372 2686 1366 2686 1376 2687 1366 2687 1377 2687 1377 2688 1366 2688 1371 2688 1377 2689 1371 2689 1378 2689 1378 2690 1371 2690 1370 2690 1378 2691 1370 2691 1379 2691 1379 2692 1370 2692 1369 2692 1379 2693 1369 2693 1380 2693 1380 2694 1369 2694 1368 2694 1380 2695 1368 2695 1381 2695 1381 2696 1368 2696 1367 2696 1381 2697 1367 2697 960 2697 960 2698 1367 2698 941 2698 960 2699 959 2699 1381 2699 1381 2700 959 2700 1382 2700 1381 2701 1382 2701 1380 2701 1380 2702 1382 2702 1383 2702 1380 2703 1383 2703 1379 2703 1379 2704 1383 2704 1384 2704 1379 2705 1384 2705 1378 2705 1378 2706 1384 2706 1385 2706 1378 2707 1385 2707 1377 2707 1377 2708 1385 2708 1386 2708 1377 2709 1386 2709 1376 2709 1376 2710 1386 2710 1387 2710 1376 2711 1387 2711 1375 2711 1375 2712 1387 2712 1388 2712 1375 2713 1388 2713 1374 2713 1374 2714 1388 2714 1389 2714 1374 2715 1389 2715 1373 2715 1373 2716 1389 2716 1363 2716 1373 2717 1363 2717 1359 2717 1359 2718 1363 2718 1360 2718 959 2719 950 2719 1382 2719 1382 2720 950 2720 1390 2720 1382 2721 1390 2721 1383 2721 1383 2722 1390 2722 1391 2722 1383 2723 1391 2723 1384 2723 1384 2724 1391 2724 1392 2724 1384 2725 1392 2725 1385 2725 1385 2726 1392 2726 1393 2726 1385 2727 1393 2727 1386 2727 1386 2728 1393 2728 1394 2728 1386 2729 1394 2729 1387 2729 1387 2730 1394 2730 1395 2730 1387 2731 1395 2731 1388 2731 1388 2732 1395 2732 1396 2732 1388 2733 1396 2733 1389 2733 1389 2734 1396 2734 1397 2734 1389 2735 1397 2735 1363 2735 1363 2736 1397 2736 1398 2736 1363 2737 1398 2737 1361 2737 1361 2738 1398 2738 1362 2738 950 2739 949 2739 1390 2739 1390 2740 949 2740 1124 2740 1390 2741 1124 2741 1391 2741 1391 2742 1124 2742 1126 2742 1391 2743 1126 2743 1392 2743 1392 2744 1126 2744 1128 2744 1392 2745 1128 2745 1393 2745 1393 2746 1128 2746 1130 2746 1393 2747 1130 2747 1394 2747 1394 2748 1130 2748 1132 2748 1394 2749 1132 2749 1395 2749 1395 2750 1132 2750 1134 2750 1395 2751 1134 2751 1396 2751 1396 2752 1134 2752 1136 2752 1396 2753 1136 2753 1397 2753 1397 2754 1136 2754 1138 2754 1397 2755 1138 2755 1398 2755 1398 2756 1138 2756 1140 2756 1398 2757 1140 2757 1362 2757 1362 2758 1140 2758 782 2758 914 2759 1041 2759 1399 2759 1041 2760 1040 2760 1400 2760 1040 2761 1039 2761 1401 2761 1039 2762 1038 2762 1402 2762 1038 2763 1037 2763 1403 2763 1037 2764 1036 2764 1404 2764 1036 2765 1035 2765 1405 2765 1035 2766 1034 2766 1406 2766 1034 2767 1033 2767 1407 2767 1033 2768 799 2768 801 2768 805 2769 1408 2769 1407 2769 1033 2770 801 2770 1407 2770 1407 2771 801 2771 803 2771 1407 2772 803 2772 805 2772 815 2773 1409 2773 1410 2773 805 2774 807 2774 1408 2774 1408 2775 807 2775 809 2775 1408 2776 809 2776 1411 2776 1411 2777 809 2777 811 2777 1411 2778 811 2778 1410 2778 1410 2779 811 2779 813 2779 1410 2780 813 2780 815 2780 815 2781 855 2781 1409 2781 1409 2782 855 2782 854 2782 1409 2783 854 2783 1412 2783 1412 2784 854 2784 852 2784 1412 2785 852 2785 1413 2785 852 2786 850 2786 1413 2786 1413 2787 850 2787 848 2787 1413 2788 848 2788 1414 2788 1414 2789 848 2789 846 2789 1414 2790 846 2790 1415 2790 1415 2791 846 2791 844 2791 834 2792 1416 2792 1417 2792 844 2793 842 2793 1415 2793 1415 2794 842 2794 840 2794 1415 2795 840 2795 1418 2795 1418 2796 840 2796 838 2796 1418 2797 838 2797 1417 2797 1417 2798 838 2798 836 2798 1417 2799 836 2799 834 2799 824 2800 1419 2800 1420 2800 834 2801 832 2801 1416 2801 1416 2802 832 2802 830 2802 1416 2803 830 2803 1421 2803 1421 2804 830 2804 828 2804 1421 2805 828 2805 1420 2805 1420 2806 828 2806 826 2806 1420 2807 826 2807 824 2807 824 2808 822 2808 1419 2808 1419 2809 822 2809 820 2809 1419 2810 820 2810 1422 2810 820 2811 818 2811 1422 2811 1422 2812 818 2812 892 2812 1422 2813 892 2813 1423 2813 1423 2814 892 2814 891 2814 1423 2815 891 2815 1424 2815 1424 2816 891 2816 889 2816 1424 2817 889 2817 1425 2817 1425 2818 889 2818 887 2818 875 2819 1044 2819 877 2819 877 2820 1044 2820 1426 2820 887 2821 885 2821 1425 2821 1425 2822 885 2822 883 2822 1425 2823 883 2823 1427 2823 1427 2824 883 2824 881 2824 1427 2825 881 2825 1426 2825 1426 2826 881 2826 879 2826 1426 2827 879 2827 877 2827 1034 2828 1407 2828 1406 2828 1406 2829 1407 2829 1408 2829 1406 2830 1408 2830 1428 2830 1428 2831 1408 2831 1411 2831 1428 2832 1411 2832 1429 2832 1429 2833 1411 2833 1410 2833 1429 2834 1410 2834 1430 2834 1430 2835 1410 2835 1409 2835 1430 2836 1409 2836 1431 2836 1431 2837 1409 2837 1412 2837 1431 2838 1412 2838 1432 2838 1432 2839 1412 2839 1413 2839 1432 2840 1413 2840 1433 2840 1433 2841 1413 2841 1414 2841 1433 2842 1414 2842 1434 2842 1434 2843 1414 2843 1415 2843 1434 2844 1415 2844 1435 2844 1435 2845 1415 2845 1418 2845 1435 2846 1418 2846 1436 2846 1436 2847 1418 2847 1417 2847 1436 2848 1417 2848 1437 2848 1437 2849 1417 2849 1416 2849 1437 2850 1416 2850 1438 2850 1438 2851 1416 2851 1421 2851 1438 2852 1421 2852 1439 2852 1439 2853 1421 2853 1420 2853 1439 2854 1420 2854 1440 2854 1440 2855 1420 2855 1419 2855 1440 2856 1419 2856 1441 2856 1441 2857 1419 2857 1422 2857 1441 2858 1422 2858 1442 2858 1442 2859 1422 2859 1423 2859 1442 2860 1423 2860 1443 2860 1443 2861 1423 2861 1424 2861 1443 2862 1424 2862 1444 2862 1444 2863 1424 2863 1425 2863 1444 2864 1425 2864 1445 2864 1445 2865 1425 2865 1427 2865 1445 2866 1427 2866 1446 2866 1446 2867 1427 2867 1426 2867 1446 2868 1426 2868 1447 2868 1447 2869 1426 2869 1044 2869 1447 2870 1044 2870 1046 2870 1035 2871 1406 2871 1405 2871 1405 2872 1406 2872 1428 2872 1405 2873 1428 2873 1448 2873 1448 2874 1428 2874 1429 2874 1448 2875 1429 2875 1449 2875 1449 2876 1429 2876 1430 2876 1449 2877 1430 2877 1450 2877 1450 2878 1430 2878 1431 2878 1450 2879 1431 2879 1451 2879 1451 2880 1431 2880 1432 2880 1451 2881 1432 2881 1452 2881 1452 2882 1432 2882 1433 2882 1452 2883 1433 2883 1453 2883 1453 2884 1433 2884 1434 2884 1453 2885 1434 2885 1454 2885 1454 2886 1434 2886 1435 2886 1454 2887 1435 2887 1455 2887 1455 2888 1435 2888 1436 2888 1455 2889 1436 2889 1456 2889 1456 2890 1436 2890 1437 2890 1456 2891 1437 2891 1457 2891 1457 2892 1437 2892 1438 2892 1457 2893 1438 2893 1458 2893 1458 2894 1438 2894 1439 2894 1458 2895 1439 2895 1459 2895 1459 2896 1439 2896 1440 2896 1459 2897 1440 2897 1460 2897 1460 2898 1440 2898 1441 2898 1460 2899 1441 2899 1461 2899 1461 2900 1441 2900 1442 2900 1461 2901 1442 2901 1462 2901 1462 2902 1442 2902 1443 2902 1462 2903 1443 2903 1463 2903 1463 2904 1443 2904 1444 2904 1463 2905 1444 2905 1464 2905 1464 2906 1444 2906 1445 2906 1464 2907 1445 2907 1465 2907 1465 2908 1445 2908 1446 2908 1465 2909 1446 2909 1466 2909 1466 2910 1446 2910 1447 2910 1466 2911 1447 2911 1467 2911 1467 2912 1447 2912 1046 2912 1467 2913 1046 2913 1048 2913 1036 2914 1405 2914 1404 2914 1404 2915 1405 2915 1448 2915 1404 2916 1448 2916 1468 2916 1468 2917 1448 2917 1449 2917 1468 2918 1449 2918 1469 2918 1469 2919 1449 2919 1450 2919 1469 2920 1450 2920 1470 2920 1470 2921 1450 2921 1451 2921 1470 2922 1451 2922 1471 2922 1471 2923 1451 2923 1452 2923 1471 2924 1452 2924 1472 2924 1472 2925 1452 2925 1453 2925 1472 2926 1453 2926 1473 2926 1473 2927 1453 2927 1454 2927 1473 2928 1454 2928 1474 2928 1474 2929 1454 2929 1455 2929 1474 2930 1455 2930 1475 2930 1475 2931 1455 2931 1456 2931 1475 2932 1456 2932 1476 2932 1476 2933 1456 2933 1457 2933 1476 2934 1457 2934 1477 2934 1477 2935 1457 2935 1458 2935 1477 2936 1458 2936 1478 2936 1478 2937 1458 2937 1459 2937 1478 2938 1459 2938 1479 2938 1479 2939 1459 2939 1460 2939 1479 2940 1460 2940 1480 2940 1480 2941 1460 2941 1461 2941 1480 2942 1461 2942 1481 2942 1481 2943 1461 2943 1462 2943 1481 2944 1462 2944 1482 2944 1482 2945 1462 2945 1463 2945 1482 2946 1463 2946 1483 2946 1483 2947 1463 2947 1464 2947 1483 2948 1464 2948 1484 2948 1484 2949 1464 2949 1465 2949 1484 2950 1465 2950 1485 2950 1485 2951 1465 2951 1466 2951 1485 2952 1466 2952 1486 2952 1486 2953 1466 2953 1467 2953 1486 2954 1467 2954 1487 2954 1487 2955 1467 2955 1048 2955 1487 2956 1048 2956 1050 2956 1037 2957 1404 2957 1403 2957 1403 2958 1404 2958 1468 2958 1403 2959 1468 2959 1488 2959 1488 2960 1468 2960 1469 2960 1488 2961 1469 2961 1489 2961 1489 2962 1469 2962 1470 2962 1489 2963 1470 2963 1490 2963 1490 2964 1470 2964 1471 2964 1490 2965 1471 2965 1491 2965 1491 2966 1471 2966 1472 2966 1491 2967 1472 2967 1492 2967 1492 2968 1472 2968 1473 2968 1492 2969 1473 2969 1493 2969 1493 2970 1473 2970 1474 2970 1493 2971 1474 2971 1494 2971 1494 2972 1474 2972 1475 2972 1494 2973 1475 2973 1495 2973 1495 2974 1475 2974 1476 2974 1495 2975 1476 2975 1496 2975 1496 2976 1476 2976 1477 2976 1496 2977 1477 2977 1497 2977 1497 2978 1477 2978 1478 2978 1497 2979 1478 2979 1498 2979 1498 2980 1478 2980 1479 2980 1498 2981 1479 2981 1499 2981 1499 2982 1479 2982 1480 2982 1499 2983 1480 2983 1500 2983 1500 2984 1480 2984 1481 2984 1500 2985 1481 2985 1501 2985 1501 2986 1481 2986 1482 2986 1501 2987 1482 2987 1502 2987 1502 2988 1482 2988 1483 2988 1502 2989 1483 2989 1503 2989 1503 2990 1483 2990 1484 2990 1503 2991 1484 2991 1504 2991 1504 2992 1484 2992 1485 2992 1504 2993 1485 2993 1505 2993 1505 2994 1485 2994 1486 2994 1505 2995 1486 2995 1506 2995 1506 2996 1486 2996 1487 2996 1506 2997 1487 2997 1507 2997 1507 2998 1487 2998 1050 2998 1507 2999 1050 2999 1052 2999 1038 3000 1403 3000 1402 3000 1402 3001 1403 3001 1488 3001 1402 3002 1488 3002 1508 3002 1508 3003 1488 3003 1489 3003 1508 3004 1489 3004 1509 3004 1509 3005 1489 3005 1490 3005 1509 3006 1490 3006 1510 3006 1510 3007 1490 3007 1491 3007 1510 3008 1491 3008 1511 3008 1511 3009 1491 3009 1492 3009 1511 3010 1492 3010 1512 3010 1512 3011 1492 3011 1493 3011 1512 3012 1493 3012 1513 3012 1513 3013 1493 3013 1494 3013 1513 3014 1494 3014 1514 3014 1514 3015 1494 3015 1495 3015 1514 3016 1495 3016 1515 3016 1515 3017 1495 3017 1496 3017 1515 3018 1496 3018 1516 3018 1516 3019 1496 3019 1497 3019 1516 3020 1497 3020 1517 3020 1517 3021 1497 3021 1498 3021 1517 3022 1498 3022 1518 3022 1518 3023 1498 3023 1499 3023 1518 3024 1499 3024 1519 3024 1519 3025 1499 3025 1500 3025 1519 3026 1500 3026 1520 3026 1520 3027 1500 3027 1501 3027 1520 3028 1501 3028 1521 3028 1521 3029 1501 3029 1502 3029 1521 3030 1502 3030 1522 3030 1522 3031 1502 3031 1503 3031 1522 3032 1503 3032 1523 3032 1523 3033 1503 3033 1504 3033 1523 3034 1504 3034 1524 3034 1524 3035 1504 3035 1505 3035 1524 3036 1505 3036 1525 3036 1525 3037 1505 3037 1506 3037 1525 3038 1506 3038 1526 3038 1526 3039 1506 3039 1507 3039 1526 3040 1507 3040 1527 3040 1527 3041 1507 3041 1052 3041 1527 3042 1052 3042 1054 3042 1039 3043 1402 3043 1401 3043 1401 3044 1402 3044 1508 3044 1401 3045 1508 3045 1528 3045 1528 3046 1508 3046 1509 3046 1528 3047 1509 3047 1529 3047 1529 3048 1509 3048 1510 3048 1529 3049 1510 3049 1530 3049 1530 3050 1510 3050 1511 3050 1530 3051 1511 3051 1531 3051 1531 3052 1511 3052 1512 3052 1531 3053 1512 3053 1532 3053 1532 3054 1512 3054 1513 3054 1532 3055 1513 3055 1533 3055 1533 3056 1513 3056 1514 3056 1533 3057 1514 3057 1534 3057 1534 3058 1514 3058 1515 3058 1534 3059 1515 3059 1535 3059 1535 3060 1515 3060 1516 3060 1535 3061 1516 3061 1536 3061 1536 3062 1516 3062 1517 3062 1536 3063 1517 3063 1537 3063 1537 3064 1517 3064 1518 3064 1537 3065 1518 3065 1538 3065 1538 3066 1518 3066 1519 3066 1538 3067 1519 3067 1539 3067 1539 3068 1519 3068 1520 3068 1539 3069 1520 3069 1540 3069 1540 3070 1520 3070 1521 3070 1540 3071 1521 3071 1541 3071 1541 3072 1521 3072 1522 3072 1541 3073 1522 3073 1542 3073 1542 3074 1522 3074 1523 3074 1542 3075 1523 3075 1543 3075 1543 3076 1523 3076 1524 3076 1543 3077 1524 3077 1544 3077 1544 3078 1524 3078 1525 3078 1544 3079 1525 3079 1545 3079 1545 3080 1525 3080 1526 3080 1545 3081 1526 3081 1546 3081 1546 3082 1526 3082 1527 3082 1546 3083 1527 3083 1547 3083 1547 3084 1527 3084 1054 3084 1547 3085 1054 3085 1056 3085 1040 3086 1401 3086 1400 3086 1400 3087 1401 3087 1528 3087 1400 3088 1528 3088 1548 3088 1548 3089 1528 3089 1529 3089 1548 3090 1529 3090 1549 3090 1549 3091 1529 3091 1530 3091 1549 3092 1530 3092 1550 3092 1550 3093 1530 3093 1531 3093 1550 3094 1531 3094 1551 3094 1551 3095 1531 3095 1532 3095 1551 3096 1532 3096 1552 3096 1552 3097 1532 3097 1533 3097 1552 3098 1533 3098 1553 3098 1553 3099 1533 3099 1534 3099 1553 3100 1534 3100 1554 3100 1554 3101 1534 3101 1535 3101 1554 3102 1535 3102 1555 3102 1555 3103 1535 3103 1536 3103 1555 3104 1536 3104 1556 3104 1556 3105 1536 3105 1537 3105 1556 3106 1537 3106 1557 3106 1557 3107 1537 3107 1538 3107 1557 3108 1538 3108 1558 3108 1558 3109 1538 3109 1539 3109 1558 3110 1539 3110 1559 3110 1559 3111 1539 3111 1540 3111 1559 3112 1540 3112 1560 3112 1560 3113 1540 3113 1541 3113 1560 3114 1541 3114 1561 3114 1561 3115 1541 3115 1542 3115 1561 3116 1542 3116 1562 3116 1562 3117 1542 3117 1543 3117 1562 3118 1543 3118 1563 3118 1563 3119 1543 3119 1544 3119 1563 3120 1544 3120 1564 3120 1564 3121 1544 3121 1545 3121 1564 3122 1545 3122 1565 3122 1565 3123 1545 3123 1546 3123 1565 3124 1546 3124 1566 3124 1566 3125 1546 3125 1547 3125 1566 3126 1547 3126 1567 3126 1567 3127 1547 3127 1056 3127 1567 3128 1056 3128 1058 3128 1041 3129 1400 3129 1399 3129 1399 3130 1400 3130 1548 3130 1399 3131 1548 3131 1568 3131 1568 3132 1548 3132 1549 3132 1568 3133 1549 3133 1569 3133 1569 3134 1549 3134 1550 3134 1569 3135 1550 3135 1570 3135 1570 3136 1550 3136 1551 3136 1570 3137 1551 3137 1571 3137 1571 3138 1551 3138 1552 3138 1571 3139 1552 3139 1572 3139 1572 3140 1552 3140 1553 3140 1572 3141 1553 3141 1573 3141 1573 3142 1553 3142 1554 3142 1573 3143 1554 3143 1574 3143 1574 3144 1554 3144 1555 3144 1574 3145 1555 3145 1575 3145 1575 3146 1555 3146 1556 3146 1575 3147 1556 3147 1576 3147 1576 3148 1556 3148 1557 3148 1576 3149 1557 3149 1577 3149 1577 3150 1557 3150 1558 3150 1577 3151 1558 3151 1578 3151 1578 3152 1558 3152 1559 3152 1578 3153 1559 3153 1579 3153 1579 3154 1559 3154 1560 3154 1579 3155 1560 3155 1580 3155 1580 3156 1560 3156 1561 3156 1580 3157 1561 3157 1581 3157 1581 3158 1561 3158 1562 3158 1581 3159 1562 3159 1582 3159 1582 3160 1562 3160 1563 3160 1582 3161 1563 3161 1583 3161 1583 3162 1563 3162 1564 3162 1583 3163 1564 3163 1584 3163 1584 3164 1564 3164 1565 3164 1584 3165 1565 3165 1585 3165 1585 3166 1565 3166 1566 3166 1585 3167 1566 3167 1586 3167 1586 3168 1566 3168 1567 3168 1586 3169 1567 3169 1587 3169 1587 3170 1567 3170 1058 3170 1587 3171 1058 3171 1060 3171 914 3172 1399 3172 915 3172 915 3173 1399 3173 1568 3173 915 3174 1568 3174 919 3174 919 3175 1568 3175 1569 3175 919 3176 1569 3176 920 3176 920 3177 1569 3177 1570 3177 920 3178 1570 3178 916 3178 916 3179 1570 3179 1571 3179 916 3180 1571 3180 917 3180 917 3181 1571 3181 1572 3181 917 3182 1572 3182 918 3182 918 3183 1572 3183 1573 3183 918 3184 1573 3184 926 3184 926 3185 1573 3185 1574 3185 926 3186 1574 3186 923 3186 923 3187 1574 3187 1575 3187 923 3188 1575 3188 924 3188 924 3189 1575 3189 1576 3189 924 3190 1576 3190 925 3190 925 3191 1576 3191 1577 3191 925 3192 1577 3192 927 3192 927 3193 1577 3193 1578 3193 927 3194 1578 3194 928 3194 928 3195 1578 3195 1579 3195 928 3196 1579 3196 929 3196 929 3197 1579 3197 1580 3197 929 3198 1580 3198 932 3198 932 3199 1580 3199 1581 3199 932 3200 1581 3200 933 3200 933 3201 1581 3201 1582 3201 933 3202 1582 3202 930 3202 930 3203 1582 3203 1583 3203 930 3204 1583 3204 931 3204 931 3205 1583 3205 1584 3205 931 3206 1584 3206 934 3206 934 3207 1584 3207 1585 3207 934 3208 1585 3208 935 3208 935 3209 1585 3209 1586 3209 935 3210 1586 3210 922 3210 922 3211 1586 3211 1587 3211 922 3212 1587 3212 921 3212 921 3213 1587 3213 1060 3213 921 3214 1060 3214 913 3214 876 3215 878 3215 1588 3215 880 3216 882 3216 1589 3216 886 3217 888 3217 1590 3217 890 3218 817 3218 1591 3218 823 3219 825 3219 1592 3219 833 3220 835 3220 1593 3220 837 3221 839 3221 1594 3221 843 3222 845 3222 1595 3222 847 3223 849 3223 1596 3223 816 3224 814 3224 1597 3224 806 3225 804 3225 1598 3225 802 3226 800 3226 1167 3226 953 3227 969 3227 1599 3227 1599 3228 969 3228 1600 3228 1599 3229 1600 3229 1601 3229 1601 3230 1600 3230 1602 3230 1601 3231 1602 3231 1603 3231 1603 3232 1602 3232 1604 3232 1603 3233 1604 3233 1605 3233 1605 3234 1604 3234 1606 3234 1605 3235 1606 3235 1607 3235 1607 3236 1606 3236 1608 3236 1607 3237 1608 3237 1609 3237 1609 3238 1608 3238 1610 3238 1609 3239 1610 3239 1611 3239 1611 3240 1610 3240 1612 3240 1611 3241 1612 3241 1613 3241 1613 3242 1612 3242 1614 3242 1613 3243 1614 3243 1615 3243 1615 3244 1614 3244 1597 3244 975 3245 974 3245 1616 3245 1616 3246 974 3246 1617 3246 1616 3247 1617 3247 1618 3247 1618 3248 1617 3248 1619 3248 1618 3249 1619 3249 1620 3249 1620 3250 1619 3250 1621 3250 1620 3251 1621 3251 1622 3251 1622 3252 1621 3252 1623 3252 1622 3253 1623 3253 1624 3253 1624 3254 1623 3254 1625 3254 1624 3255 1625 3255 1626 3255 1626 3256 1625 3256 1627 3256 1626 3257 1627 3257 1628 3257 1628 3258 1627 3258 1629 3258 1628 3259 1629 3259 1630 3259 1630 3260 1629 3260 1631 3260 1630 3261 1631 3261 1632 3261 1632 3262 1631 3262 1592 3262 958 3263 957 3263 1159 3263 1159 3264 957 3264 1633 3264 1159 3265 1633 3265 1160 3265 1160 3266 1633 3266 1634 3266 1160 3267 1634 3267 1161 3267 1161 3268 1634 3268 1635 3268 1161 3269 1635 3269 1162 3269 1162 3270 1635 3270 1636 3270 1162 3271 1636 3271 1163 3271 1163 3272 1636 3272 1637 3272 1163 3273 1637 3273 1164 3273 1164 3274 1637 3274 1638 3274 1164 3275 1638 3275 1165 3275 1165 3276 1638 3276 1639 3276 1165 3277 1639 3277 1166 3277 1166 3278 1639 3278 1640 3278 1166 3279 1640 3279 1167 3279 1167 3280 1640 3280 1598 3280 1167 3281 1598 3281 802 3281 802 3282 1598 3282 804 3282 808 3283 806 3283 1641 3283 1641 3284 806 3284 1598 3284 1641 3285 1598 3285 1642 3285 1642 3286 1598 3286 1640 3286 1642 3287 1640 3287 1643 3287 1643 3288 1640 3288 1639 3288 1643 3289 1639 3289 1644 3289 1644 3290 1639 3290 1638 3290 1644 3291 1638 3291 1645 3291 1645 3292 1638 3292 1637 3292 1645 3293 1637 3293 1646 3293 1646 3294 1637 3294 1636 3294 1646 3295 1636 3295 1647 3295 1647 3296 1636 3296 1635 3296 1647 3297 1635 3297 1648 3297 1648 3298 1635 3298 1634 3298 1648 3299 1634 3299 1649 3299 1649 3300 1634 3300 1633 3300 1649 3301 1633 3301 954 3301 954 3302 1633 3302 957 3302 954 3303 953 3303 1649 3303 1649 3304 953 3304 1599 3304 1649 3305 1599 3305 1648 3305 1648 3306 1599 3306 1601 3306 1648 3307 1601 3307 1647 3307 1647 3308 1601 3308 1603 3308 1647 3309 1603 3309 1646 3309 1646 3310 1603 3310 1605 3310 1646 3311 1605 3311 1645 3311 1645 3312 1605 3312 1607 3312 1645 3313 1607 3313 1644 3313 1644 3314 1607 3314 1609 3314 1644 3315 1609 3315 1643 3315 1643 3316 1609 3316 1611 3316 1643 3317 1611 3317 1642 3317 1642 3318 1611 3318 1613 3318 1642 3319 1613 3319 1641 3319 1641 3320 1613 3320 1615 3320 1641 3321 1615 3321 808 3321 808 3322 1615 3322 810 3322 1597 3323 814 3323 1615 3323 1615 3324 814 3324 812 3324 1615 3325 812 3325 810 3325 853 3326 816 3326 1650 3326 1650 3327 816 3327 1597 3327 1650 3328 1597 3328 1651 3328 1651 3329 1597 3329 1614 3329 1651 3330 1614 3330 1652 3330 1652 3331 1614 3331 1612 3331 1652 3332 1612 3332 1653 3332 1653 3333 1612 3333 1610 3333 1653 3334 1610 3334 1654 3334 1654 3335 1610 3335 1608 3335 1654 3336 1608 3336 1655 3336 1655 3337 1608 3337 1606 3337 1655 3338 1606 3338 1656 3338 1656 3339 1606 3339 1604 3339 1656 3340 1604 3340 1657 3340 1657 3341 1604 3341 1602 3341 1657 3342 1602 3342 1658 3342 1658 3343 1602 3343 1600 3343 1658 3344 1600 3344 968 3344 968 3345 1600 3345 969 3345 968 3346 964 3346 1658 3346 1658 3347 964 3347 1659 3347 1658 3348 1659 3348 1657 3348 1657 3349 1659 3349 1660 3349 1657 3350 1660 3350 1656 3350 1656 3351 1660 3351 1661 3351 1656 3352 1661 3352 1655 3352 1655 3353 1661 3353 1662 3353 1655 3354 1662 3354 1654 3354 1654 3355 1662 3355 1663 3355 1654 3356 1663 3356 1653 3356 1653 3357 1663 3357 1664 3357 1653 3358 1664 3358 1652 3358 1652 3359 1664 3359 1665 3359 1652 3360 1665 3360 1651 3360 1651 3361 1665 3361 1666 3361 1651 3362 1666 3362 1650 3362 1650 3363 1666 3363 1667 3363 1650 3364 1667 3364 853 3364 853 3365 1667 3365 851 3365 964 3366 963 3366 1659 3366 1659 3367 963 3367 1668 3367 1659 3368 1668 3368 1660 3368 1660 3369 1668 3369 1669 3369 1660 3370 1669 3370 1661 3370 1661 3371 1669 3371 1670 3371 1661 3372 1670 3372 1662 3372 1662 3373 1670 3373 1671 3373 1662 3374 1671 3374 1663 3374 1663 3375 1671 3375 1672 3375 1663 3376 1672 3376 1664 3376 1664 3377 1672 3377 1673 3377 1664 3378 1673 3378 1665 3378 1665 3379 1673 3379 1674 3379 1665 3380 1674 3380 1666 3380 1666 3381 1674 3381 1675 3381 1666 3382 1675 3382 1667 3382 1667 3383 1675 3383 1596 3383 1667 3384 1596 3384 851 3384 851 3385 1596 3385 849 3385 963 3386 962 3386 1668 3386 1668 3387 962 3387 1676 3387 1668 3388 1676 3388 1669 3388 1669 3389 1676 3389 1677 3389 1669 3390 1677 3390 1670 3390 1670 3391 1677 3391 1678 3391 1670 3392 1678 3392 1671 3392 1671 3393 1678 3393 1679 3393 1671 3394 1679 3394 1672 3394 1672 3395 1679 3395 1680 3395 1672 3396 1680 3396 1673 3396 1673 3397 1680 3397 1681 3397 1673 3398 1681 3398 1674 3398 1674 3399 1681 3399 1682 3399 1674 3400 1682 3400 1675 3400 1675 3401 1682 3401 1683 3401 1675 3402 1683 3402 1596 3402 1596 3403 1683 3403 1595 3403 1596 3404 1595 3404 847 3404 847 3405 1595 3405 845 3405 841 3406 843 3406 1684 3406 1684 3407 843 3407 1595 3407 1684 3408 1595 3408 1685 3408 1685 3409 1595 3409 1683 3409 1685 3410 1683 3410 1686 3410 1686 3411 1683 3411 1682 3411 1686 3412 1682 3412 1687 3412 1687 3413 1682 3413 1681 3413 1687 3414 1681 3414 1688 3414 1688 3415 1681 3415 1680 3415 1688 3416 1680 3416 1689 3416 1689 3417 1680 3417 1679 3417 1689 3418 1679 3418 1690 3418 1690 3419 1679 3419 1678 3419 1690 3420 1678 3420 1691 3420 1691 3421 1678 3421 1677 3421 1691 3422 1677 3422 1692 3422 1692 3423 1677 3423 1676 3423 1692 3424 1676 3424 961 3424 961 3425 1676 3425 962 3425 961 3426 978 3426 1692 3426 1692 3427 978 3427 1693 3427 1692 3428 1693 3428 1691 3428 1691 3429 1693 3429 1694 3429 1691 3430 1694 3430 1690 3430 1690 3431 1694 3431 1695 3431 1690 3432 1695 3432 1689 3432 1689 3433 1695 3433 1696 3433 1689 3434 1696 3434 1688 3434 1688 3435 1696 3435 1697 3435 1688 3436 1697 3436 1687 3436 1687 3437 1697 3437 1698 3437 1687 3438 1698 3438 1686 3438 1686 3439 1698 3439 1699 3439 1686 3440 1699 3440 1685 3440 1685 3441 1699 3441 1700 3441 1685 3442 1700 3442 1684 3442 1684 3443 1700 3443 1594 3443 1684 3444 1594 3444 841 3444 841 3445 1594 3445 839 3445 978 3446 977 3446 1693 3446 1693 3447 977 3447 1701 3447 1693 3448 1701 3448 1694 3448 1694 3449 1701 3449 1702 3449 1694 3450 1702 3450 1695 3450 1695 3451 1702 3451 1703 3451 1695 3452 1703 3452 1696 3452 1696 3453 1703 3453 1704 3453 1696 3454 1704 3454 1697 3454 1697 3455 1704 3455 1705 3455 1697 3456 1705 3456 1698 3456 1698 3457 1705 3457 1706 3457 1698 3458 1706 3458 1699 3458 1699 3459 1706 3459 1707 3459 1699 3460 1707 3460 1700 3460 1700 3461 1707 3461 1708 3461 1700 3462 1708 3462 1594 3462 1594 3463 1708 3463 1593 3463 1594 3464 1593 3464 837 3464 837 3465 1593 3465 835 3465 831 3466 833 3466 1709 3466 1709 3467 833 3467 1593 3467 1709 3468 1593 3468 1710 3468 1710 3469 1593 3469 1708 3469 1710 3470 1708 3470 1711 3470 1711 3471 1708 3471 1707 3471 1711 3472 1707 3472 1712 3472 1712 3473 1707 3473 1706 3473 1712 3474 1706 3474 1713 3474 1713 3475 1706 3475 1705 3475 1713 3476 1705 3476 1714 3476 1714 3477 1705 3477 1704 3477 1714 3478 1704 3478 1715 3478 1715 3479 1704 3479 1703 3479 1715 3480 1703 3480 1716 3480 1716 3481 1703 3481 1702 3481 1716 3482 1702 3482 1717 3482 1717 3483 1702 3483 1701 3483 1717 3484 1701 3484 976 3484 976 3485 1701 3485 977 3485 976 3486 975 3486 1717 3486 1717 3487 975 3487 1616 3487 1717 3488 1616 3488 1716 3488 1716 3489 1616 3489 1618 3489 1716 3490 1618 3490 1715 3490 1715 3491 1618 3491 1620 3491 1715 3492 1620 3492 1714 3492 1714 3493 1620 3493 1622 3493 1714 3494 1622 3494 1713 3494 1713 3495 1622 3495 1624 3495 1713 3496 1624 3496 1712 3496 1712 3497 1624 3497 1626 3497 1712 3498 1626 3498 1711 3498 1711 3499 1626 3499 1628 3499 1711 3500 1628 3500 1710 3500 1710 3501 1628 3501 1630 3501 1710 3502 1630 3502 1709 3502 1709 3503 1630 3503 1632 3503 1709 3504 1632 3504 831 3504 831 3505 1632 3505 829 3505 1592 3506 825 3506 1632 3506 1632 3507 825 3507 827 3507 1632 3508 827 3508 829 3508 821 3509 823 3509 1718 3509 1718 3510 823 3510 1592 3510 1718 3511 1592 3511 1719 3511 1719 3512 1592 3512 1631 3512 1719 3513 1631 3513 1720 3513 1720 3514 1631 3514 1629 3514 1720 3515 1629 3515 1721 3515 1721 3516 1629 3516 1627 3516 1721 3517 1627 3517 1722 3517 1722 3518 1627 3518 1625 3518 1722 3519 1625 3519 1723 3519 1723 3520 1625 3520 1623 3520 1723 3521 1623 3521 1724 3521 1724 3522 1623 3522 1621 3522 1724 3523 1621 3523 1725 3523 1725 3524 1621 3524 1619 3524 1725 3525 1619 3525 1726 3525 1726 3526 1619 3526 1617 3526 1726 3527 1617 3527 973 3527 973 3528 1617 3528 974 3528 973 3529 972 3529 1726 3529 1726 3530 972 3530 1727 3530 1726 3531 1727 3531 1725 3531 1725 3532 1727 3532 1728 3532 1725 3533 1728 3533 1724 3533 1724 3534 1728 3534 1729 3534 1724 3535 1729 3535 1723 3535 1723 3536 1729 3536 1730 3536 1723 3537 1730 3537 1722 3537 1722 3538 1730 3538 1731 3538 1722 3539 1731 3539 1721 3539 1721 3540 1731 3540 1732 3540 1721 3541 1732 3541 1720 3541 1720 3542 1732 3542 1733 3542 1720 3543 1733 3543 1719 3543 1719 3544 1733 3544 1734 3544 1719 3545 1734 3545 1718 3545 1718 3546 1734 3546 1735 3546 1718 3547 1735 3547 821 3547 821 3548 1735 3548 819 3548 972 3549 971 3549 1727 3549 1727 3550 971 3550 1736 3550 1727 3551 1736 3551 1728 3551 1728 3552 1736 3552 1737 3552 1728 3553 1737 3553 1729 3553 1729 3554 1737 3554 1738 3554 1729 3555 1738 3555 1730 3555 1730 3556 1738 3556 1739 3556 1730 3557 1739 3557 1731 3557 1731 3558 1739 3558 1740 3558 1731 3559 1740 3559 1732 3559 1732 3560 1740 3560 1741 3560 1732 3561 1741 3561 1733 3561 1733 3562 1741 3562 1742 3562 1733 3563 1742 3563 1734 3563 1734 3564 1742 3564 1743 3564 1734 3565 1743 3565 1735 3565 1735 3566 1743 3566 1591 3566 1735 3567 1591 3567 819 3567 819 3568 1591 3568 817 3568 971 3569 970 3569 1736 3569 1736 3570 970 3570 1744 3570 1736 3571 1744 3571 1737 3571 1737 3572 1744 3572 1745 3572 1737 3573 1745 3573 1738 3573 1738 3574 1745 3574 1746 3574 1738 3575 1746 3575 1739 3575 1739 3576 1746 3576 1747 3576 1739 3577 1747 3577 1740 3577 1740 3578 1747 3578 1748 3578 1740 3579 1748 3579 1741 3579 1741 3580 1748 3580 1749 3580 1741 3581 1749 3581 1742 3581 1742 3582 1749 3582 1750 3582 1742 3583 1750 3583 1743 3583 1743 3584 1750 3584 1751 3584 1743 3585 1751 3585 1591 3585 1591 3586 1751 3586 1590 3586 1591 3587 1590 3587 890 3587 890 3588 1590 3588 888 3588 884 3589 886 3589 1752 3589 1752 3590 886 3590 1590 3590 1752 3591 1590 3591 1753 3591 1753 3592 1590 3592 1751 3592 1753 3593 1751 3593 1754 3593 1754 3594 1751 3594 1750 3594 1754 3595 1750 3595 1755 3595 1755 3596 1750 3596 1749 3596 1755 3597 1749 3597 1756 3597 1756 3598 1749 3598 1748 3598 1756 3599 1748 3599 1757 3599 1757 3600 1748 3600 1747 3600 1757 3601 1747 3601 1758 3601 1758 3602 1747 3602 1746 3602 1758 3603 1746 3603 1759 3603 1759 3604 1746 3604 1745 3604 1759 3605 1745 3605 1760 3605 1760 3606 1745 3606 1744 3606 1760 3607 1744 3607 967 3607 967 3608 1744 3608 970 3608 967 3609 966 3609 1760 3609 1760 3610 966 3610 1761 3610 1760 3611 1761 3611 1759 3611 1759 3612 1761 3612 1762 3612 1759 3613 1762 3613 1758 3613 1758 3614 1762 3614 1763 3614 1758 3615 1763 3615 1757 3615 1757 3616 1763 3616 1764 3616 1757 3617 1764 3617 1756 3617 1756 3618 1764 3618 1765 3618 1756 3619 1765 3619 1755 3619 1755 3620 1765 3620 1766 3620 1755 3621 1766 3621 1754 3621 1754 3622 1766 3622 1767 3622 1754 3623 1767 3623 1753 3623 1753 3624 1767 3624 1768 3624 1753 3625 1768 3625 1752 3625 1752 3626 1768 3626 1589 3626 1752 3627 1589 3627 884 3627 884 3628 1589 3628 882 3628 966 3629 965 3629 1761 3629 1761 3630 965 3630 1769 3630 1761 3631 1769 3631 1762 3631 1762 3632 1769 3632 1770 3632 1762 3633 1770 3633 1763 3633 1763 3634 1770 3634 1771 3634 1763 3635 1771 3635 1764 3635 1764 3636 1771 3636 1772 3636 1764 3637 1772 3637 1765 3637 1765 3638 1772 3638 1773 3638 1765 3639 1773 3639 1766 3639 1766 3640 1773 3640 1774 3640 1766 3641 1774 3641 1767 3641 1767 3642 1774 3642 1775 3642 1767 3643 1775 3643 1768 3643 1768 3644 1775 3644 1776 3644 1768 3645 1776 3645 1589 3645 1589 3646 1776 3646 1588 3646 1589 3647 1588 3647 880 3647 880 3648 1588 3648 878 3648 874 3649 876 3649 1187 3649 1187 3650 876 3650 1588 3650 1187 3651 1588 3651 1185 3651 1185 3652 1588 3652 1776 3652 1185 3653 1776 3653 1183 3653 1183 3654 1776 3654 1775 3654 1183 3655 1775 3655 1181 3655 1181 3656 1775 3656 1774 3656 1181 3657 1774 3657 1179 3657 1179 3658 1774 3658 1773 3658 1179 3659 1773 3659 1177 3659 1177 3660 1773 3660 1772 3660 1177 3661 1772 3661 1175 3661 1175 3662 1772 3662 1771 3662 1175 3663 1771 3663 1173 3663 1173 3664 1771 3664 1770 3664 1173 3665 1770 3665 1171 3665 1171 3666 1770 3666 1769 3666 1171 3667 1769 3667 947 3667 947 3668 1769 3668 965 3668</p>
        </triangles>
      </mesh>
    </geometry>
  </library_geometries>
  <library_visual_scenes>
    <visual_scene id="Scene" name="Scene">
      <node id="simple_Body" name="simple_Body" type="NODE">
        <matrix sid="transform">1 7.54979e-8 0 0 -7.54979e-8 1 0 0 0 0 1 0 0 0 0 1</matrix>
        <instance_geometry url="#simple_Body_001-mesh" name="simple_Body"/>
      </node>
    </visual_scene>
  </library_visual_scenes>
  <scene>
    <instance_visual_scene url="#Scene"/>
  </scene>
</COLLADA>